Index Name,Date,Open,High,Low,Close,Date ,Open ,High ,Low ,Close ,Prev. Close ,Change ,% Change 
NIFTY BANK,01-Jan-21,31297.3,31384.35,31188.25,31225.85,01-Jan-21,21.095,21.3325,19.2625,19.56,21.095,-1.54,-7.28
NIFTY BANK,04-Jan-21,31485.15,31489.6,30893.65,31212.45,04-Jan-21,19.56,21.0275,19.335,20.03,19.56,0.47,2.4
NIFTY BANK,05-Jan-21,31041.1,31767.65,30935.55,31722.25,05-Jan-21,20.03,21.005,20.03,20.46,20.03,0.43,2.15
NIFTY BANK,06-Jan-21,31839.95,31982.3,31548.15,31797.9,06-Jan-21,20.46,21.63,20.425,20.995,20.46,0.54,2.61
NIFTY BANK,07-Jan-21,32129.8,32177.4,31911.5,31956,07-Jan-21,20.995,20.995,20.1375,20.615,20.995,-0.38,-1.81
NIFTY BANK,08-Jan-21,32298.05,32298.05,32002.95,32084.2,08-Jan-21,20.615,20.85,17.38,20.64,20.615,0.03,0.12
NIFTY BANK,11-Jan-21,32280.3,32288.45,31836.95,31998.9,11-Jan-21,20.64,22.745,20.64,22.3825,20.64,1.74,8.44
NIFTY BANK,12-Jan-21,31835.05,32397.95,31725.85,32339,12-Jan-21,22.3825,23.26,22.2925,22.8475,22.3825,0.46,2.08
NIFTY BANK,13-Jan-21,32546.6,32683.5,32148.25,32574.65,13-Jan-21,22.8475,24.0475,22.37,23.2925,22.8475,0.45,1.95
NIFTY BANK,14-Jan-21,32526.7,32718.95,32442.35,32519.75,14-Jan-21,23.2925,23.7025,22.8075,23.0275,23.2925,-0.27,-1.14
NIFTY BANK,15-Jan-21,32508.9,32544.8,32044.35,32246.8,15-Jan-21,23.0275,24.6775,23.0275,24.01,23.0275,0.98,4.27
NIFTY BANK,18-Jan-21,32275.15,32441.5,31650.9,31811.75,18-Jan-21,24.01,25.4125,23.5675,24.395,24.01,0.38,1.6
NIFTY BANK,19-Jan-21,32082.9,32464.95,31863.95,32424.85,19-Jan-21,24.395,24.395,20.36,22.8975,24.395,-1.5,-6.14
NIFTY BANK,20-Jan-21,32388.95,32607.45,32322.9,32543.7,20-Jan-21,22.8975,23.185,19.33,21.55,22.8975,-1.35,-5.88
NIFTY BANK,21-Jan-21,32732.8,32842.3,31985.55,32186.9,21-Jan-21,21.55,22.7775,18.6175,22.18,21.55,0.63,2.92
NIFTY BANK,22-Jan-21,32088,32131.4,31119.9,31167.25,22-Jan-21,22.18,23.04,18.73,22.4225,22.18,0.24,1.09
NIFTY BANK,25-Jan-21,31507.15,31697.55,31013.65,31198.4,25-Jan-21,22.4225,23.81,20.3375,23.245,22.4225,0.82,3.67
NIFTY BANK,27-Jan-21,31236.25,31287.05,30165.65,30284.55,27-Jan-21,23.245,24.7475,20.83,24.3925,23.245,1.15,4.94
NIFTY BANK,28-Jan-21,29812.3,30464.4,29687.7,30358.3,28-Jan-21,24.3925,25.295,23.435,24.29,24.3925,-0.1,-0.42
NIFTY BANK,29-Jan-21,30700.65,31111.95,30254.55,30565.5,29-Jan-21,24.29,25.99,22.08,25.3425,24.29,1.05,4.33
NIFTY BANK,01-Feb-21,30976.35,33305.3,30906.45,33089.05,01-Feb-21,25.3425,25.925,22.6,23.3225,25.3425,-2.02,-7.97
NIFTY BANK,02-Feb-21,33589.05,34652.5,33583.15,34267.9,02-Feb-21,23.3225,23.61,21.0025,23.345,23.3225,0.02,0.1
NIFTY BANK,03-Feb-21,34555.6,34908.05,34011.9,34758.45,03-Feb-21,23.345,24.1975,20.9475,23.745,23.345,0.4,1.71
NIFTY BANK,04-Feb-21,34548.9,35413.15,34238.9,35344.8,04-Feb-21,23.745,23.9325,22.09,23.1225,23.745,-0.62,-2.62
NIFTY BANK,05-Feb-21,35634.95,36615.2,35545,35654.5,05-Feb-21,23.1225,23.935,20.08,23.415,23.1225,0.29,1.27
NIFTY BANK,08-Feb-21,36073.85,36466.45,35872.25,35983.65,08-Feb-21,23.415,24.345,22.1775,23.9575,23.415,0.54,2.32
NIFTY BANK,09-Feb-21,36058.8,36477.15,35636.85,36056.5,09-Feb-21,23.9575,24.4675,21.4325,24.27,23.9575,0.31,1.3
NIFTY BANK,10-Feb-21,36042.35,36227.2,35428.15,35783.1,10-Feb-21,24.27,24.955,20.9075,23.9525,24.27,-0.32,-1.31
NIFTY BANK,11-Feb-21,35687.25,36009.45,35573.3,35752.1,11-Feb-21,23.9525,24.2225,21.0175,23.045,23.9525,-0.91,-3.79
NIFTY BANK,12-Feb-21,35736.6,36322.8,35700.25,36108.9,12-Feb-21,0,0,0,23.045,23.9525,-0.91,-3.79
NIFTY BANK,15-Feb-21,36501.4,37449.9,36405.1,37306.25,15-Feb-21,22.0425,22.39,20.8225,21.475,22.0425,-0.57,-2.57
NIFTY BANK,16-Feb-21,37492.6,37708.75,36762.75,37098.4,16-Feb-21,21.475,22.115,20.535,21.78,21.475,0.3,1.42
NIFTY BANK,17-Feb-21,37041.95,37331.45,36764.25,36910.95,17-Feb-21,21.78,21.88,21.0975,21.505,21.78,-0.28,-1.26
NIFTY BANK,18-Feb-21,37088.75,37108.75,36367.45,36587,18-Feb-21,21.505,22.085,19.9625,21.5425,21.505,0.04,0.17
NIFTY BANK,19-Feb-21,36371.55,36656.2,35584.6,35841.6,19-Feb-21,21.5425,22.8675,19.345,22.25,21.5425,0.71,3.28
NIFTY BANK,22-Feb-21,35874.3,36128.9,35097.55,35257.2,22-Feb-21,22.25,25.82,20.0225,25.47,22.25,3.22,14.47
NIFTY BANK,23-Feb-21,35540.55,35680.85,34976,35116.95,23-Feb-21,25.47,25.6425,23.8575,25.2275,25.47,-0.24,-0.95
NIFTY BANK,24-Feb-21,35205.4,36567.65,35060.65,36452.3,24-Feb-21,25.2275,25.2275,23.4825,24.1675,25.2275,-1.06,-4.2
NIFTY BANK,25-Feb-21,36763.15,37232.2,36494,36549,25-Feb-21,24.1675,24.1675,22.6275,22.8925,24.1675,-1.28,-5.28
NIFTY BANK,26-Feb-21,35806.65,35902.9,34658.7,34803.6,26-Feb-21,22.8925,29.645,22.8925,28.1425,22.8925,5.25,22.93
NIFTY BANK,01-Mar-21,35374.25,35581.1,34983.75,35296,01-Mar-21,28.1425,28.1425,24.95,25.625,28.1425,-2.52,-8.95
NIFTY BANK,02-Mar-21,35458.15,35747.05,35002.45,35419.7,02-Mar-21,25.625,25.625,23.21,23.605,25.625,-2.02,-7.88
NIFTY BANK,03-Mar-21,35754.45,36455.15,35570.55,36368.05,03-Mar-21,23.605,23.605,21.815,22.09,23.605,-1.52,-6.42
NIFTY BANK,04-Mar-21,35575.65,36316.4,35519.25,35802.5,04-Mar-21,22.09,24.5775,22.09,24.15,22.09,2.06,9.33
NIFTY BANK,05-Mar-21,35458.5,35616.05,34893.25,35228.15,05-Mar-21,24.15,26.4075,22.8625,25.56,24.15,1.41,5.84
NIFTY BANK,08-Mar-21,35462.45,35827.3,35090.75,35275.75,08-Mar-21,25.56,25.6525,21.2025,24.675,25.56,-0.88,-3.46
NIFTY BANK,09-Mar-21,35705.9,36077.8,35544.95,35865.65,09-Mar-21,24.675,24.675,21.4375,22.495,24.675,-2.18,-8.83
NIFTY BANK,10-Mar-21,36112.25,36176.9,35764.35,35938.3,10-Mar-21,22.495,22.495,19.315,20.7475,22.495,-1.75,-7.77
NIFTY BANK,12-Mar-21,36497.35,36497.35,35188.05,35496.65,12-Mar-21,20.7475,22.67,18.5375,21.7075,20.7475,0.96,4.63
NIFTY BANK,15-Mar-21,35544.25,35544.25,34430.65,35182.55,15-Mar-21,21.7075,22.9325,20.995,21.2275,21.7075,-0.48,-2.21
NIFTY BANK,16-Mar-21,35352,35405.05,34744.6,34804.6,16-Mar-21,21.2275,21.2275,18.0625,20.19,21.2275,-1.04,-4.89
NIFTY BANK,17-Mar-21,34905.05,35100.5,34126.85,34229.25,17-Mar-21,20.19,20.42,18.62,20.1575,20.19,-0.03,-0.16
NIFTY BANK,18-Mar-21,34577.5,34759.85,33597.55,33856.8,18-Mar-21,20.1575,20.9475,16.6825,20.08,20.1575,-0.08,-0.38
NIFTY BANK,19-Mar-21,33590.4,34355.4,33361,34161.6,19-Mar-21,20.08,21.865,18.725,19.9875,20.08,-0.09,-0.46
NIFTY BANK,22-Mar-21,34088.4,34148.9,33389.15,33603.45,22-Mar-21,19.9875,21.2325,18.97,20.4925,19.9875,0.5,2.53
NIFTY BANK,23-Mar-21,33747.95,34360.05,33622,34184.4,23-Mar-21,20.4925,22.135,20.4925,20.665,20.4925,0.17,0.84
NIFTY BANK,24-Mar-21,33894.7,33970.65,33203.4,33293.25,24-Mar-21,20.665,22.6875,19.745,22.455,20.665,1.79,8.66
NIFTY BANK,25-Mar-21,33420.75,33550.15,32415.25,33006.45,25-Mar-21,22.455,23.3125,21.12,22.6975,22.455,0.24,1.08
NIFTY BANK,26-Mar-21,33605.05,33610.65,33166.1,33318.2,26-Mar-21,22.6975,22.9175,18.225,20.65,22.6975,-2.05,-9.02
NIFTY BANK,30-Mar-21,33615.9,33990.8,33564.55,33875.1,30-Mar-21,0,0,0,20.65,22.6975,-2.05,-9.02
NIFTY BANK,31-Mar-21,33764.8,33773.1,33151.8,33303.9,31-Mar-21,20.485,20.83,19.995,20.645,20.485,0.16,0.78
NIFTY BANK,01-Apr-21,33588,33949.15,33208.75,33858,01-Apr-21,20.645,20.675,19.73,19.9875,20.645,-0.66,-3.18
NIFTY BANK,05-Apr-21,33649.15,33697.75,32330.15,32678.85,05-Apr-21,19.9875,23.305,19.9875,21.215,19.9875,1.23,6.14
NIFTY BANK,06-Apr-21,32915.65,33007.65,32338.4,32501.35,06-Apr-21,21.215,22.24,19.805,20.84,21.215,-0.38,-1.77
NIFTY BANK,07-Apr-21,32529.7,33191.7,32141.55,32991.2,07-Apr-21,20.84,21.2975,19.43,20.2475,20.84,-0.59,-2.84
NIFTY BANK,08-Apr-21,33154.2,33306.8,32704.75,32782.85,08-Apr-21,20.2475,20.585,19.17,20.3125,20.2475,0.07,0.32
NIFTY BANK,09-Apr-21,32636.9,32972.15,32329.95,32448.05,09-Apr-21,20.3125,20.9675,19.6825,19.785,20.3125,-0.53,-2.6
NIFTY BANK,12-Apr-21,31637.9,31698.05,30520.3,30792,12-Apr-21,19.785,23.3025,19.785,22.995,19.785,3.21,16.22
NIFTY BANK,13-Apr-21,30901.8,31885.45,30722.85,31771.6,13-Apr-21,22.995,22.995,20.2975,20.46,22.995,-2.54,-11.02
NIFTY BANK,15-Apr-21,31929.1,32187.05,31406.4,32112.85,15-Apr-21,20.46,21.545,18.245,20.89,20.46,0.43,2.1
NIFTY BANK,16-Apr-21,32161.45,32325.15,31911.9,31977.45,16-Apr-21,20.89,21.09,19.4825,20.4025,20.89,-0.49,-2.33
NIFTY BANK,19-Apr-21,30993.45,31304.3,30405.65,31208.4,19-Apr-21,20.4025,23.1075,19.8075,22.485,20.4025,2.08,10.21
NIFTY BANK,20-Apr-21,31568.95,31731.65,30891,31112.7,20-Apr-21,22.485,22.745,21.2375,22.425,22.485,-0.06,-0.27
NIFTY BANK,22-Apr-21,30763.5,31834.5,30555.25,31782.6,22-Apr-21,22.425,23.6075,22.425,23.025,22.425,0.6,2.68
NIFTY BANK,23-Apr-21,31490.6,32148.4,31377.15,31722.3,23-Apr-21,23.025,23.0525,20.21,22.69,23.025,-0.33,-1.45
NIFTY BANK,26-Apr-21,32316.65,32603.7,32144.8,32275.15,26-Apr-21,22.69,23.555,22.6175,23.495,22.69,0.8,3.55
NIFTY BANK,27-Apr-21,32228.95,32807.1,32152.95,32735.35,27-Apr-21,23.495,23.625,22.32,23.0825,23.495,-0.41,-1.76
NIFTY BANK,28-Apr-21,32865.5,33777.7,32840.3,33722.8,28-Apr-21,23.0825,23.1125,20.9675,22.58,23.0825,-0.5,-2.18
NIFTY BANK,29-Apr-21,33901.6,34287,33304.6,33714.5,29-Apr-21,22.58,23.4225,22.1075,23.305,22.58,0.73,3.21
NIFTY BANK,30-Apr-21,33112.4,33455.25,32663.4,32781.8,30-Apr-21,23.305,23.765,22.5975,23.0275,23.305,-0.28,-1.19
NIFTY BANK,03-May-21,32368.55,32566.6,31906.55,32465.75,03-May-21,23.0275,24.54,21.84,23.6925,23.0275,0.66,2.89
NIFTY BANK,04-May-21,32610.4,33011.55,32191.4,32270.35,04-May-21,23.6925,23.6925,22.1775,23.01,23.6925,-0.68,-2.88
NIFTY BANK,05-May-21,32577.1,32862.15,32068.55,32783.7,05-May-21,23.01,23.19,21.135,21.9625,23.01,-1.05,-4.55
NIFTY BANK,06-May-21,32900.75,32956.35,32564,32827.8,06-May-21,21.9625,22.6125,20.1225,22.035,21.9625,0.07,0.33
NIFTY BANK,07-May-21,33041.65,33259.15,32771.35,32904.5,07-May-21,22.035,22.035,20.31,20.8225,22.035,-1.21,-5.5
NIFTY BANK,10-May-21,33175.3,33297.6,33028.15,33142.4,10-May-21,20.8225,21.1475,20.135,20.225,20.8225,-0.6,-2.87
NIFTY BANK,11-May-21,32640.95,33154.3,32611.7,32872.2,11-May-21,20.225,21.1175,19.7225,19.83,20.225,-0.4,-1.95
NIFTY BANK,12-May-21,32717.65,32747.7,32352.3,32452.3,12-May-21,19.83,20.905,18.36,20.08,19.83,0.25,1.26
NIFTY BANK,14-May-21,32495.15,32622.65,32115.5,32169.55,14-May-21,20.08,21.1525,18.2275,20.2675,20.08,0.19,0.93
NIFTY BANK,17-May-21,32437.85,33506.9,32318.7,33459.25,17-May-21,20.2675,20.425,18.3625,19.6075,20.2675,-0.66,-3.26
NIFTY BANK,18-May-21,33893.1,34142.85,33730.45,33922.4,18-May-21,19.6075,19.6075,18.305,19.24,19.6075,-0.37,-1.87
NIFTY BANK,19-May-21,33717.1,33959.3,33608.25,33685.2,19-May-21,19.24,19.5675,17.23,19.3175,19.24,0.08,0.4
NIFTY BANK,20-May-21,33692.55,33833.7,33273.95,33334.55,20-May-21,19.3175,19.8375,18.0925,19.6525,19.3175,0.34,1.73
NIFTY BANK,21-May-21,33559.8,34694.45,33559.75,34606.9,21-May-21,19.6525,19.6525,17.13,19.08,19.6525,-0.57,-2.91
NIFTY BANK,24-May-21,34869.3,35216.1,34528.3,34943.6,24-May-21,19.08,19.885,18.72,19.13,19.08,0.05,0.26
NIFTY BANK,25-May-21,35095,35125.85,34410.4,34662,25-May-21,19.13,21.05,17.6875,18.8425,19.13,-0.29,-1.5
NIFTY BANK,26-May-21,34757.15,34897.95,34462.5,34684.2,26-May-21,18.8425,21.3025,17.23,20.8725,18.8425,2.03,10.77
NIFTY BANK,27-May-21,34664.2,35220.8,34529.7,35095.05,27-May-21,20.8725,21.3225,18.3525,19.91,20.8725,-0.96,-4.61
NIFTY BANK,28-May-21,35345.65,35436.65,34977.2,35141.45,28-May-21,19.91,19.91,17.355,17.4025,19.91,-2.51,-12.59
NIFTY BANK,31-May-21,35097.45,35584.3,34930.1,35526.65,31-May-21,17.4025,17.99,16.4325,16.885,17.4025,-0.52,-2.97
NIFTY BANK,01-Jun-21,35639.75,35713.9,35241.2,35337.2,01-Jun-21,16.885,17.9625,15.31,17.3875,16.885,0.5,2.98
NIFTY BANK,02-Jun-21,35271.6,35415.85,35070.3,35373.75,02-Jun-21,17.3875,17.6475,15.1675,17.21,17.3875,-0.18,-1.02
NIFTY BANK,03-Jun-21,35536.45,35723.7,35413,35649,03-Jun-21,17.21,17.21,14.1475,15.745,17.21,-1.47,-8.51
NIFTY BANK,04-Jun-21,35657.85,35810.9,35176.15,35291.65,04-Jun-21,15.745,16.3825,14.9425,15.94,15.745,0.2,1.24
NIFTY BANK,07-Jun-21,35460.8,35545.85,35338.55,35443.65,07-Jun-21,15.94,15.94,14.7425,15.5675,15.94,-0.37,-2.34
NIFTY BANK,08-Jun-21,35433.8,35449.5,34962.65,35085.3,08-Jun-21,15.5675,15.6,13.5675,15.225,15.5675,-0.34,-2.2
NIFTY BANK,09-Jun-21,35114.25,35402.45,34641.2,34800.5,09-Jun-21,15.225,15.7425,11.945,14.7525,15.225,-0.47,-3.1
NIFTY BANK,10-Jun-21,34903.6,35165.65,34734.4,35131.2,10-Jun-21,14.7525,15.2,14.1775,15.0025,14.7525,0.25,1.69
NIFTY BANK,11-Jun-21,35324.65,35344,34891.3,35047.4,11-Jun-21,15.0025,15.0025,13.9375,14.1025,15.0025,-0.9,-6
NIFTY BANK,14-Jun-21,34936.55,34995.15,34374.35,34950.6,14-Jun-21,14.1025,15.3075,13.74,14.715,14.1025,0.61,4.34
NIFTY BANK,15-Jun-21,35038.05,35317.4,34917.9,35247.75,15-Jun-21,14.715,15.1625,13.2775,14.605,14.715,-0.11,-0.75
NIFTY BANK,16-Jun-21,35196.25,35380,34916.2,35003.5,16-Jun-21,14.605,15.3225,13.6175,14.865,14.605,0.26,1.78
NIFTY BANK,17-Jun-21,34619.8,34882.4,34458.1,34605.4,17-Jun-21,14.865,16.05,14.5275,15.2875,14.865,0.42,2.84
NIFTY BANK,18-Jun-21,34735.15,34787.4,33908.95,34558,18-Jun-21,15.2875,16.62,10.6,14.7975,15.2875,-0.49,-3.21
NIFTY BANK,21-Jun-21,34109.45,34927.65,33937.5,34871.3,21-Jun-21,14.7975,16.46,14.375,15.06,14.7975,0.26,1.77
NIFTY BANK,22-Jun-21,35084.9,35281.9,34664.35,34745,22-Jun-21,15.06,15.1125,14.425,14.7375,15.06,-0.32,-2.14
NIFTY BANK,23-Jun-21,34911.85,34937.65,34525.45,34574,23-Jun-21,14.7375,15.535,13.625,15.365,14.7375,0.63,4.26
NIFTY BANK,24-Jun-21,34687.7,34935.3,34592.35,34827,24-Jun-21,15.365,15.6375,14.925,15.0975,15.365,-0.27,-1.74
NIFTY BANK,25-Jun-21,34916.65,35491.95,34915.85,35364.65,25-Jun-21,15.0975,15.2675,13.275,13.3675,15.0975,-1.73,-11.46
NIFTY BANK,28-Jun-21,35488.2,35576.95,35236.45,35359.45,28-Jun-21,13.3675,13.77,13.1175,13.4025,13.3675,0.04,0.26
NIFTY BANK,29-Jun-21,35320.45,35337.45,34913.7,35010.3,29-Jun-21,13.4025,13.4025,12.9025,13.0025,13.4025,-0.4,-2.98
NIFTY BANK,30-Jun-21,35001.9,35214.9,34730.45,34772.2,30-Jun-21,13.0025,13.14,12.6,13.045,13.0025,0.04,0.33
NIFTY BANK,01-Jul-21,34866,34917.65,34650.95,34684,01-Jul-21,13.045,13.2825,12.33,12.84,13.045,-0.21,-1.57
NIFTY BANK,02-Jul-21,34728.1,34894.45,34632.6,34809.9,02-Jul-21,12.84,13.02,12.0225,12.09,12.84,-0.75,-5.84
NIFTY BANK,05-Jul-21,35010.95,35234.3,34926.4,35212,05-Jul-21,12.09,12.6225,11.9875,12.0675,12.09,-0.02,-0.19
NIFTY BANK,06-Jul-21,35173.6,35807.45,35165.55,35579.15,06-Jul-21,12.0675,12.36,11.29,12.275,12.0675,0.21,1.72
NIFTY BANK,07-Jul-21,35550.6,35795.75,35427.65,35771.3,07-Jul-21,12.275,12.585,11.1475,12.2125,12.275,-0.06,-0.51
NIFTY BANK,08-Jul-21,35603.25,35811,35134.65,35274.1,08-Jul-21,12.2125,14.0075,12.055,13.56,12.2125,1.35,11.03
NIFTY BANK,09-Jul-21,35163.75,35225.2,34859.9,35071.95,09-Jul-21,13.56,14.0025,12.175,12.9425,13.56,-0.62,-4.55
NIFTY BANK,12-Jul-21,35285.05,35394.3,35060.35,35198.9,12-Jul-21,12.9425,13.6075,11.81,12.9925,12.9425,0.05,0.39
NIFTY BANK,13-Jul-21,35480.05,35727.85,35340.7,35673.4,13-Jul-21,12.9925,12.9925,10.6725,12.6225,12.9925,-0.37,-2.85
NIFTY BANK,14-Jul-21,35585.85,35804.05,35434.75,35668.25,14-Jul-21,12.6225,12.96,10.485,12.59,12.6225,-0.03,-0.26
NIFTY BANK,15-Jul-21,35757.45,35985.25,35625.7,35907.65,15-Jul-21,12.59,12.945,11.0825,12.27,12.59,-0.32,-2.54
NIFTY BANK,16-Jul-21,35977.95,35977.95,35674.75,35751.8,16-Jul-21,12.27,12.37,11.625,11.705,12.27,-0.56,-4.6
NIFTY BANK,19-Jul-21,35070.5,35347.05,34899.2,35079.2,19-Jul-21,11.705,13.1975,11.705,12.68,11.705,0.97,8.33
NIFTY BANK,20-Jul-21,34791.15,34894.15,34357.35,34415.45,20-Jul-21,12.68,14.0925,11.7875,13.205,12.68,0.53,4.14
NIFTY BANK,22-Jul-21,34774.55,34989.1,34557.85,34677.3,22-Jul-21,13.205,13.205,11.7175,11.885,13.205,-1.32,-10
NIFTY BANK,23-Jul-21,34748.35,35088,34404.75,35034.4,23-Jul-21,11.885,12.115,11.5675,11.7625,11.885,-0.12,-1.03
NIFTY BANK,26-Jul-21,34947.85,35138.2,34669.55,34949.7,26-Jul-21,11.7625,12.54,10.395,12.45,11.7625,0.69,5.84
NIFTY BANK,27-Jul-21,35029.3,35186.1,34713.55,34797.45,27-Jul-21,12.45,13.525,12.1025,13.2325,12.45,0.78,6.29
NIFTY BANK,28-Jul-21,34839.45,34841.55,34115.2,34532.9,28-Jul-21,13.2325,15.98,11.355,13.6925,13.2325,0.46,3.48
NIFTY BANK,29-Jul-21,34740.3,34778.15,34495.2,34691.5,29-Jul-21,13.6925,13.6925,12.435,12.945,13.6925,-0.75,-5.46
NIFTY BANK,30-Jul-21,34698.75,34738.75,34445.4,34584.35,30-Jul-21,12.945,13.32,12.175,12.8025,12.945,-0.14,-1.1
NIFTY BANK,02-Aug-21,34760.9,34861.75,34588.25,34710,02-Aug-21,12.8025,13.09,11.5175,12.805,12.8025,0,0.02
NIFTY BANK,03-Aug-21,34660.75,35238.45,34649.2,35207.45,03-Aug-21,12.805,13.905,11.9625,13.7475,12.805,0.94,7.36
NIFTY BANK,04-Aug-21,35388.15,36219.8,35313,36028.05,04-Aug-21,13.7475,14.0575,12.65,13.2125,13.7475,-0.54,-3.89
NIFTY BANK,05-Aug-21,36093.95,36115.45,35661.3,35834.75,05-Aug-21,13.2125,13.4175,11.2025,12.8725,13.2125,-0.34,-2.57
NIFTY BANK,06-Aug-21,35875.8,36080.1,35700.45,35809.25,06-Aug-21,12.8725,13.1625,11.64,12.6075,12.8725,-0.27,-2.06
NIFTY BANK,09-Aug-21,35824.2,36159.85,35612.3,36028.95,09-Aug-21,12.6075,13.11,12.03,12.605,12.6075,0,-0.02
NIFTY BANK,10-Aug-21,35954.55,36317,35890.5,36034.1,10-Aug-21,12.605,13.0675,9.9825,12.705,12.605,0.1,0.79
NIFTY BANK,11-Aug-21,36218.25,36227.55,35531.35,35806.4,11-Aug-21,12.705,13.3275,10.4725,12.7125,12.705,0.01,0.06
NIFTY BANK,12-Aug-21,35825.4,35998.15,35702.9,35937.05,12-Aug-21,12.7125,12.8175,11.3625,12.3725,12.7125,-0.34,-2.67
NIFTY BANK,13-Aug-21,36000.75,36233.3,35937.1,36169.35,13-Aug-21,12.3725,13.1625,11.395,12.99,12.3725,0.62,4.99
NIFTY BANK,16-Aug-21,36100.65,36261.55,36032.4,36094.5,16-Aug-21,12.99,13.6575,11.375,13.4575,12.99,0.47,3.6
NIFTY BANK,17-Aug-21,35935.05,35993.7,35611.85,35867.45,17-Aug-21,13.4575,13.61,12.0275,13.4125,13.4575,-0.04,-0.33
NIFTY BANK,18-Aug-21,36222.5,36248.9,35432,35554.5,18-Aug-21,13.4125,13.4125,11.12,12.905,13.4125,-0.51,-3.78
NIFTY BANK,20-Aug-21,35146.5,35306.5,34926.5,35033.85,20-Aug-21,12.905,14.14,12.3475,14.015,12.905,1.11,8.6
NIFTY BANK,23-Aug-21,35424.2,35427.4,34817.5,35124.4,23-Aug-21,14.015,14.44,12.725,13.685,14.015,-0.33,-2.35
NIFTY BANK,24-Aug-21,35200.75,35795.3,35070,35712.1,24-Aug-21,13.685,14.5075,13.0975,13.1875,13.685,-0.5,-3.64
NIFTY BANK,25-Aug-21,35768.85,35910.3,35499.65,35586.25,25-Aug-21,13.1875,13.9725,12.265,13.4975,13.1875,0.31,2.35
NIFTY BANK,26-Aug-21,35485.95,35785.8,35411.8,35617.55,26-Aug-21,13.4975,14.195,12.1125,13.5375,13.4975,0.04,0.3
NIFTY BANK,27-Aug-21,35559.75,35727.9,35359.25,35627.8,27-Aug-21,13.5375,13.76,12.94,13.405,13.5375,-0.13,-0.98
NIFTY BANK,30-Aug-21,35781.05,36398.45,35721.9,36347.65,30-Aug-21,13.405,13.685,12.4025,13.3175,13.405,-0.09,-0.65
NIFTY BANK,31-Aug-21,36367.4,36552.8,36216.2,36424.6,31-Aug-21,13.3175,14.765,12.635,14.52,13.3175,1.2,9.03
NIFTY BANK,01-Sep-21,36591.45,36997.7,36487.15,36574.3,01-Sep-21,14.52,15.63,13.9,14.185,14.52,-0.33,-2.31
NIFTY BANK,02-Sep-21,36588.4,36895.55,36469,36831.3,02-Sep-21,14.185,14.385,13.61,14.24,14.185,0.05,0.39
NIFTY BANK,03-Sep-21,36883.65,37140,36563.2,36761.15,03-Sep-21,14.24,14.645,13.58,14.5425,14.24,0.3,2.12
NIFTY BANK,06-Sep-21,36878.25,36923.65,36554.45,36592.35,06-Sep-21,14.5425,15.28,14.055,15.105,14.5425,0.56,3.87
NIFTY BANK,07-Sep-21,36558.85,36685.85,36151.95,36468.8,07-Sep-21,15.105,15.23,14.585,14.895,15.105,-0.21,-1.39
NIFTY BANK,08-Sep-21,36519.7,36855.9,36393.6,36768.2,08-Sep-21,14.895,15.0625,12.485,14.41,14.895,-0.48,-3.26
NIFTY BANK,09-Sep-21,36725.5,36857.2,36566.7,36683.2,09-Sep-21,14.41,14.41,13.6375,13.9425,14.41,-0.47,-3.24
NIFTY BANK,13-Sep-21,36608.45,36724.85,36327.05,36471.8,13-Sep-21,13.9425,14.7775,11.9175,14.025,13.9425,0.08,0.59
NIFTY BANK,14-Sep-21,36639.95,36756,36529.65,36613.05,14-Sep-21,14.025,14.025,10.8725,13.575,14.025,-0.45,-3.21
NIFTY BANK,15-Sep-21,36543.55,36949.7,36496.05,36852.25,15-Sep-21,13.575,13.875,12.37,13.73,13.575,0.16,1.14
NIFTY BANK,16-Sep-21,36946,37720.15,36907.75,37668.6,16-Sep-21,13.73,14.525,9.025,14.4125,13.73,0.68,4.97
NIFTY BANK,17-Sep-21,37929.5,38112.75,37396.05,37811.95,17-Sep-21,14.4125,15.65,12.1375,15.2325,14.4125,0.82,5.69
NIFTY BANK,20-Sep-21,37388.2,37802.75,37068.45,37145.7,20-Sep-21,15.2325,17.8075,10.2275,17.4925,15.2325,2.26,14.84
NIFTY BANK,21-Sep-21,37238.4,37340.7,36525.95,37235.85,21-Sep-21,17.4925,17.9975,13.0025,16.52,17.4925,-0.97,-5.56
NIFTY BANK,22-Sep-21,37277.1,37328.6,36885.6,36944.65,22-Sep-21,16.52,16.86,13.2775,16.4925,16.52,-0.03,-0.17
NIFTY BANK,23-Sep-21,37241.25,37830.75,37216.15,37771.7,23-Sep-21,16.4925,16.9375,10.3125,16.6025,16.4925,0.11,0.67
NIFTY BANK,24-Sep-21,37954,38112.6,37680,37830.3,24-Sep-21,16.6025,17.33,12.7725,16.9225,16.6025,0.32,1.93
NIFTY BANK,27-Sep-21,38054.75,38355.2,37968.2,38171.25,27-Sep-21,16.9225,18.1375,13.515,18.0525,16.9225,1.13,6.68
NIFTY BANK,28-Sep-21,38360,38377.25,37315.2,37945,28-Sep-21,18.0525,18.57,15.3725,18.535,18.0525,0.48,2.67
NIFTY BANK,29-Sep-21,37601.1,37923.45,37371.05,37743,29-Sep-21,18.535,19.435,16.7575,18.8375,18.535,0.3,1.63
NIFTY BANK,30-Sep-21,37677.8,37884.85,37354.25,37425.1,30-Sep-21,18.8375,19.1375,17.15,18.4025,18.8375,-0.43,-2.31
NIFTY BANK,01-Oct-21,37140.4,37299.4,36876.35,37225.9,01-Oct-21,18.4025,19.075,16.9975,17.21,18.4025,-1.19,-6.48
NIFTY BANK,04-Oct-21,37392.15,37670.7,37355.6,37579.65,04-Oct-21,17.21,17.53,15.3175,16.735,17.21,-0.48,-2.76
NIFTY BANK,05-Oct-21,37499.8,37786.6,37364.75,37741,05-Oct-21,16.735,17.1325,16.295,16.3975,16.735,-0.34,-2.02
NIFTY BANK,06-Oct-21,37768.8,38106.85,37452,37521.55,06-Oct-21,16.3975,17.59,16.1075,17.3325,16.3975,0.93,5.7
NIFTY BANK,07-Oct-21,37894,37923.65,37650.25,37753.2,07-Oct-21,17.3325,17.3325,14.4525,16.155,17.3325,-1.18,-6.79
NIFTY BANK,08-Oct-21,37906.4,38105.2,37674.35,37775.25,08-Oct-21,16.155,16.4025,15.5325,15.6525,16.155,-0.5,-3.11
NIFTY BANK,11-Oct-21,37782.75,38495.3,37744.65,38293.8,11-Oct-21,15.6525,16.41,12.23,16.085,15.6525,0.43,2.76
NIFTY BANK,12-Oct-21,38178.35,38609.6,38144.6,38521.5,12-Oct-21,16.085,16.3975,13.9375,15.8475,16.085,-0.24,-1.48
NIFTY BANK,13-Oct-21,38735.3,38779.05,38502.7,38635.75,13-Oct-21,15.8475,16.22,13.38,16.1,15.8475,0.25,1.59
NIFTY BANK,14-Oct-21,38684.65,39375.05,38673,39340.9,14-Oct-21,16.1,16.285,12.6125,15.7675,16.1,-0.33,-2.07
NIFTY BANK,18-Oct-21,39794.25,39947.6,39569.55,39684.8,18-Oct-21,15.7675,17.315,14.155,17.185,15.7675,1.42,8.99
NIFTY BANK,19-Oct-21,39927.3,40011.15,39394.25,39540.5,19-Oct-21,17.185,17.5425,14.235,17.3825,17.185,0.2,1.15
NIFTY BANK,20-Oct-21,39545.45,39774.55,39292.8,39518.2,20-Oct-21,17.3825,18.865,15.2325,18.3125,17.3825,0.93,5.35
NIFTY BANK,21-Oct-21,39676.55,40200.45,39428.1,40030.2,21-Oct-21,18.3125,18.795,14.9075,18.035,18.3125,-0.28,-1.52
NIFTY BANK,22-Oct-21,40192.65,40587.35,40149.55,40323.65,22-Oct-21,18.035,18.035,14.355,17.545,18.035,-0.49,-2.72
NIFTY BANK,25-Oct-21,40961.25,41829.6,40508.1,41192.4,25-Oct-21,17.545,18.7575,14.5075,17.61,17.545,0.06,0.37
NIFTY BANK,26-Oct-21,41057.75,41367.25,40829.15,41238.3,26-Oct-21,17.61,17.725,16.645,16.7525,17.61,-0.86,-4.87
NIFTY BANK,27-Oct-21,41234.55,41347,40750,40874.35,27-Oct-21,16.7525,17.0325,15.4025,16.8275,16.7525,0.07,0.45
NIFTY BANK,28-Oct-21,40915.15,40931.05,39350.2,39508.95,28-Oct-21,16.8275,18.4325,16.8125,17.9125,16.8275,1.09,6.45
NIFTY BANK,29-Oct-21,39424.55,39775.25,38426.65,39115.6,29-Oct-21,17.9125,19.64,16.2825,17.425,17.9125,-0.49,-2.72
NIFTY BANK,01-Nov-21,39432.15,39862.6,39120.65,39763.75,01-Nov-21,17.425,18.095,15.3825,17.235,17.425,-0.19,-1.09
NIFTY BANK,02-Nov-21,39796.9,40107.6,39590.7,39938.45,02-Nov-21,17.235,17.7875,16.36,17.0625,17.235,-0.17,-1
NIFTY BANK,03-Nov-21,40040.65,40160.2,39304.85,39402.05,03-Nov-21,17.0625,17.0625,15.7,16.125,17.0625,-0.94,-5.49
NIFTY BANK,04-Nov-21,39669.1,39734.7,39514.15,39573.7,04-Nov-21,16.125,16.4125,14.305,15.7475,16.125,-0.38,-2.34
NIFTY BANK,08-Nov-21,39674.05,39674.05,38932.15,39438.25,08-Nov-21,15.7475,16.925,13.99,16.34,15.7475,0.59,3.76
NIFTY BANK,09-Nov-21,39517.85,39560.6,39223.4,39368.8,09-Nov-21,16.34,16.615,14.6425,16.0025,16.34,-0.34,-2.07
NIFTY BANK,10-Nov-21,39206.2,39220.3,38873.8,39023.25,10-Nov-21,16.0025,16.685,15.14,16.305,16.0025,0.3,1.89
NIFTY BANK,11-Nov-21,38913.05,38929.95,38346.05,38560.2,11-Nov-21,16.305,17.285,14.645,16.3525,16.305,0.05,0.29
NIFTY BANK,12-Nov-21,38707.15,38822.85,38467.8,38733.35,12-Nov-21,16.3525,16.3525,14.645,15.2175,16.3525,-1.13,-6.94
NIFTY BANK,15-Nov-21,38849.45,39117.15,38606.6,38702.35,15-Nov-21,15.2175,15.8425,13.4275,15.465,15.2175,0.25,1.63
NIFTY BANK,16-Nov-21,38710.9,38724.7,38211.1,38307.1,16-Nov-21,15.465,15.6825,13.58,15.195,15.465,-0.27,-1.75
NIFTY BANK,17-Nov-21,38113.4,38456.3,37981.2,38041.55,17-Nov-21,15.195,15.4125,13.915,14.98,15.195,-0.21,-1.41
NIFTY BANK,18-Nov-21,38071.9,38233.95,37748.45,37976.25,18-Nov-21,14.98,16.1475,12.08,14.8575,14.98,-0.12,-0.82
NIFTY BANK,22-Nov-21,38232.15,38241,36655.4,37128.8,22-Nov-21,14.8575,18.0825,13.5625,17.52,14.8575,2.66,17.92
NIFTY BANK,23-Nov-21,36787,37448.75,36647.55,37272.8,23-Nov-21,17.52,20.025,16.7925,18.015,17.52,0.5,2.83
NIFTY BANK,24-Nov-21,37384.75,37891.9,37238.05,37441.95,24-Nov-21,18.015,18.015,15.5775,17.095,18.015,-0.92,-5.11
NIFTY BANK,25-Nov-21,37362.05,37507.95,37118.4,37364.75,25-Nov-21,17.095,18.0725,16.0025,16.6625,17.095,-0.43,-2.53
NIFTY BANK,26-Nov-21,36830.9,36868.9,35904.1,36025.5,26-Nov-21,16.6625,21.3925,16.05,20.8025,16.6625,4.14,24.85
NIFTY BANK,29-Nov-21,36224.45,36347.85,35327.9,35976.45,29-Nov-21,20.8025,23.82,18.8925,20.83,20.8025,0.03,0.13
NIFTY BANK,30-Nov-21,35958.8,36774.2,35526.35,35695.3,30-Nov-21,20.83,21.965,18.8075,21.1675,20.83,0.34,1.62
NIFTY BANK,01-Dec-21,35902.9,36445.35,35805,36364.9,01-Dec-21,21.1675,21.1675,18.935,19.4475,21.1675,-1.72,-8.13
NIFTY BANK,02-Dec-21,36281.85,36563.5,36166.7,36508.25,02-Dec-21,19.4475,22.965,18.0025,18.0875,19.4475,-1.36,-6.99
NIFTY BANK,03-Dec-21,36497.3,36844,36062.85,36197.15,03-Dec-21,18.0875,18.8325,17.21,18.455,18.0875,0.37,2.03
NIFTY BANK,06-Dec-21,36252.75,36344.55,35696.75,35735.9,06-Dec-21,18.455,20.4775,18.3,20.0775,18.455,1.62,8.79
NIFTY BANK,07-Dec-21,36086.95,36820.7,36013.95,36618.4,07-Dec-21,20.0775,20.0775,18.2425,18.46,20.0775,-1.62,-8.06
NIFTY BANK,08-Dec-21,37052.75,37384.8,36905.15,37284.7,08-Dec-21,18.46,18.46,16.565,17.265,18.46,-1.2,-6.47
NIFTY BANK,09-Dec-21,37331.75,37397.55,36884.45,37082.45,09-Dec-21,17.265,17.435,15.54,16.6025,17.265,-0.66,-3.84
NIFTY BANK,10-Dec-21,37083.15,37153.25,36824.4,37105.65,10-Dec-21,16.6025,16.9325,15.21,16.06,16.6025,-0.54,-3.27
NIFTY BANK,13-Dec-21,37358.2,37581.05,36861.9,36925.25,13-Dec-21,16.06,16.86,14.675,16.57,16.06,0.51,3.18
NIFTY BANK,14-Dec-21,36778.95,37039.05,36545.4,36893.95,14-Dec-21,16.57,17.33,13.9375,16.9525,16.57,0.38,2.31
NIFTY BANK,15-Dec-21,36929.5,37083.5,36743.2,36789.55,15-Dec-21,16.9525,17.7125,15.7675,17.2175,16.9525,0.27,1.56
NIFTY BANK,16-Dec-21,37092.95,37159.3,36385.75,36548.65,16-Dec-21,17.2175,17.2175,15.2625,15.895,17.2175,-1.32,-7.68
NIFTY BANK,17-Dec-21,36491.8,36550.75,35535.05,35618.65,17-Dec-21,15.895,16.9075,13.76,16.3375,15.895,0.44,2.78
NIFTY BANK,20-Dec-21,35124.35,35231.1,34018.45,34439.85,20-Dec-21,16.3375,20.135,16.3375,18.965,16.3375,2.63,16.08
NIFTY BANK,21-Dec-21,34863.35,35050,34389.95,34607.85,21-Dec-21,18.965,18.965,16.6275,17.5375,18.965,-1.43,-7.53
NIFTY BANK,22-Dec-21,34865.25,35112.1,34687.6,35029.5,22-Dec-21,17.5375,17.5375,15.69,16.58,17.5375,-0.96,-5.46
NIFTY BANK,23-Dec-21,35350.5,35477.3,35046.25,35191.15,23-Dec-21,16.58,16.58,15.68,15.825,16.58,-0.75,-4.55
NIFTY BANK,24-Dec-21,35282.2,35327.95,34583.4,34857.05,24-Dec-21,15.825,16.6525,15.3325,16.1475,15.825,0.32,2.04
NIFTY BANK,27-Dec-21,34573.65,35143.7,34233,35057.9,27-Dec-21,16.1475,17.2775,15.2625,17.1175,16.1475,0.97,6.01
NIFTY BANK,28-Dec-21,35308.3,35352.4,35037.9,35183.8,28-Dec-21,17.1175,17.1175,15.2075,16.475,17.1175,-0.64,-3.75
NIFTY BANK,29-Dec-21,35168.85,35378.3,34890.8,35045.4,29-Dec-21,16.475,16.8625,15.8,16.2425,16.475,-0.23,-1.41
NIFTY BANK,30-Dec-21,34977.65,35179.05,34751.25,35063.6,30-Dec-21,16.2425,16.7875,15.2925,16.565,16.2425,0.32,1.99
NIFTY BANK,31-Dec-21,35114.4,35596.95,35113.75,35481.7,31-Dec-21,16.565,16.7675,15.4,16.2225,16.565,-0.34,-2.07
NIFTY BANK,03-Jan-22,35585.2,36492.1,35526.6,36421.9,03-Jan-22,16.2225,16.81,15.4525,16.4525,16.2225,0.23,1.42
NIFTY BANK,04-Jan-22,36551.25,36887.8,36374.4,36840.15,04-Jan-22,16.4525,16.675,15.71,16.12,16.4525,-0.33,-2.02
NIFTY BANK,05-Jan-22,36943.55,37862.4,36756.35,37695.9,05-Jan-22,16.12,17.38,15.0875,17.2275,16.12,1.11,6.87
NIFTY BANK,06-Jan-22,37242.55,37752.5,37058.45,37490.25,06-Jan-22,17.2275,18.4175,16.4,17.9775,17.2275,0.75,4.35
NIFTY BANK,07-Jan-22,37667.05,38134.85,37427.8,37739.6,07-Jan-22,17.9775,18.09,16.86,17.6025,17.9775,-0.38,-2.09
NIFTY BANK,10-Jan-22,37930.55,38400.35,37929.35,38347.9,10-Jan-22,17.6025,18.39,15.8425,17.6775,17.6025,0.07,0.43
NIFTY BANK,11-Jan-22,38370,38504.6,38031.75,38442.2,11-Jan-22,17.6775,18.2475,16.4375,17.7575,17.6775,0.08,0.45
NIFTY BANK,12-Jan-22,38719.6,38851.45,38604.6,38727.55,12-Jan-22,17.7575,17.925,16.5475,17.1825,17.7575,-0.57,-3.24
NIFTY BANK,13-Jan-22,38717.55,38717.55,38376.15,38469.95,13-Jan-22,17.1825,17.525,16.6075,16.705,17.1825,-0.48,-2.78
NIFTY BANK,14-Jan-22,38302.35,38448.05,38007.75,38370.4,14-Jan-22,16.705,17.1,15.3425,16.555,16.705,-0.15,-0.9
NIFTY BANK,17-Jan-22,38212.55,38617.5,38138.25,38216.15,17-Jan-22,16.555,17.5475,16.2675,16.765,16.555,0.21,1.27
NIFTY BANK,18-Jan-22,38337.4,38855.55,38095.4,38210.3,18-Jan-22,16.765,17.875,16.765,17.78,16.765,1.02,6.05
NIFTY BANK,19-Jan-22,38145.75,38330.5,37769.25,38041.35,19-Jan-22,17.78,18.4475,15.94,17.8175,17.78,0.04,0.21
NIFTY BANK,20-Jan-22,38106.1,38167.95,37591.85,37850.85,20-Jan-22,17.8175,18.45,17.32,17.79,17.8175,-0.03,-0.15
NIFTY BANK,21-Jan-22,37522.35,37741,37224.25,37574.3,21-Jan-22,17.79,19.605,16.9825,18.8875,17.79,1.1,6.17
NIFTY BANK,24-Jan-22,37601.95,37694.7,36375.35,36947.55,24-Jan-22,18.8875,23.9,18.8875,22.825,18.8875,3.94,20.85
NIFTY BANK,25-Jan-22,36598.05,37788.8,36415.6,37706.75,25-Jan-22,22.825,24.1375,21.18,21.3575,22.825,-1.47,-6.43
NIFTY BANK,27-Jan-22,37058.2,38147.65,37012.25,37982.1,27-Jan-22,21.3575,23.8675,20.4425,21.065,21.3575,-0.29,-1.37
NIFTY BANK,28-Jan-22,38246.6,38421.7,37581.5,37689.4,28-Jan-22,21.065,21.32,20.2825,20.695,21.065,-0.37,-1.76
NIFTY BANK,31-Jan-22,38091.8,38217.25,37647.85,37975.35,31-Jan-22,20.695,22.11,20.695,21.9525,20.695,1.26,6.08
NIFTY BANK,01-Feb-22,38460.45,38802.7,37690.6,38505.5,01-Feb-22,21.9525,22.07,19.745,19.9775,21.9525,-1.98,-9
NIFTY BANK,02-Feb-22,38841.55,39386.6,38752.65,39330.5,02-Feb-22,19.9775,19.9775,18.5475,18.65,19.9775,-1.33,-6.64
NIFTY BANK,03-Feb-22,39255.7,39424.85,38861.15,39010,03-Feb-22,18.65,19.595,17.4075,19.16,18.65,0.51,2.73
NIFTY BANK,04-Feb-22,39128,39278.6,38562.6,38789.35,04-Feb-22,19.16,19.7775,18.595,18.8975,19.16,-0.26,-1.37
NIFTY BANK,07-Feb-22,38592.05,38837.55,37802.7,37995.45,07-Feb-22,18.8975,21.0825,18.1825,20.4375,18.8975,1.54,8.15
NIFTY BANK,08-Feb-22,38176.1,38222.1,37319.05,38028.45,08-Feb-22,20.4375,20.9375,19.555,19.685,20.4375,-0.75,-3.68
NIFTY BANK,09-Feb-22,38283.6,38648.15,38192,38610.25,09-Feb-22,19.685,19.685,17.885,18.555,19.685,-1.13,-5.74
NIFTY BANK,10-Feb-22,38801.45,39197.2,38520,39010.95,10-Feb-22,18.555,18.925,16.8,17.71,18.555,-0.84,-4.55
NIFTY BANK,11-Feb-22,38567.65,38790.25,38396.4,38517.25,11-Feb-22,17.71,19.5325,16.855,18.68,17.71,0.97,5.48
NIFTY BANK,14-Feb-22,37664,37796.55,36828.05,36908.55,14-Feb-22,18.68,23.535,18.68,22.9775,18.68,4.3,23.01
NIFTY BANK,15-Feb-22,36989.8,38231.6,36651.85,38170.1,15-Feb-22,22.9775,23.14,20.435,20.6125,22.9775,-2.36,-10.29
NIFTY BANK,16-Feb-22,38296.5,38461.7,37762.8,37953.8,16-Feb-22,20.6125,21.02,19.3525,20.5925,20.6125,-0.02,-0.1
NIFTY BANK,17-Feb-22,38042.1,38124.5,37425.6,37531.65,17-Feb-22,20.5925,22.37,19.4625,22.005,20.5925,1.41,6.86
NIFTY BANK,18-Feb-22,37344.45,37817.55,37304.45,37599.15,18-Feb-22,22.005,23.21,21.635,22.165,22.005,0.16,0.73
NIFTY BANK,21-Feb-22,37400,38054.4,37156.8,37685.6,21-Feb-22,22.165,23.755,20.57,22.9025,22.165,0.74,3.33
NIFTY BANK,22-Feb-22,36833,37659.4,36818.1,37371.65,22-Feb-22,22.9025,27.815,22.9025,26.6625,22.9025,3.76,16.42
NIFTY BANK,23-Feb-22,37628.55,37774.6,37318,37392.05,23-Feb-22,26.6625,26.6625,23.9075,24.5425,26.6625,-2.12,-7.95
NIFTY BANK,24-Feb-22,36085.2,36709.15,34991.35,35228.1,24-Feb-22,24.5425,33.9725,24.5425,31.9825,24.5425,7.44,30.31
NIFTY BANK,25-Feb-22,35901.7,36684.65,35768.2,36430.75,25-Feb-22,31.9825,31.9825,26.15,26.74,31.9825,-5.24,-16.39
NIFTY BANK,28-Feb-22,35938.95,36270.25,35611.9,36205.3,28-Feb-22,26.74,29.785,26.74,28.57,26.74,1.83,6.84
NIFTY BANK,02-Mar-22,35381.9,35553.7,34897.45,35372.8,02-Mar-22,28.57,30.8425,28.57,29.2325,28.57,0.66,2.32
NIFTY BANK,03-Mar-22,35621.15,35804.15,34721.15,34944.3,03-Mar-22,29.2325,29.2325,27.2225,28.155,29.2325,-1.08,-3.69
NIFTY BANK,04-Mar-22,34526.1,35097.75,34094.1,34407.8,04-Mar-22,28.155,29.925,27.2225,27.9575,28.155,-0.2,-0.7
NIFTY BANK,07-Mar-22,33278.15,33543.3,32376.5,32871.25,07-Mar-22,27.9575,30.2775,27.9575,29.33,27.9575,1.37,4.91
NIFTY BANK,08-Mar-22,32531.9,33263.55,32155.35,33158.1,08-Mar-22,29.33,30.0575,27.1125,28.5875,29.33,-0.74,-2.53
NIFTY BANK,09-Mar-22,33278.9,33969.5,32948.9,33815.45,09-Mar-22,28.5875,28.5875,27.305,27.4675,28.5875,-1.12,-3.92
NIFTY BANK,10-Mar-22,35153.95,35374.15,34218.05,34475.6,10-Mar-22,27.4675,27.4675,22.9625,25.5825,27.4675,-1.89,-6.86
NIFTY BANK,11-Mar-22,34331,34880.05,34094.3,34546.25,11-Mar-22,25.5825,25.8725,24.58,25.345,25.5825,-0.24,-0.93
NIFTY BANK,14-Mar-22,34660.25,35435.1,34625.05,35312.15,14-Mar-22,25.345,26.2125,25.09,25.6775,25.345,0.33,1.31
NIFTY BANK,15-Mar-22,35467.95,35643.8,34706.05,35022.65,15-Mar-22,25.6775,27.5425,23.6575,26.73,25.6775,1.05,4.1
NIFTY BANK,16-Mar-22,35555.75,35806.35,35461.55,35748.25,16-Mar-22,26.73,26.73,24.0125,24.1175,26.73,-2.61,-9.77
NIFTY BANK,17-Mar-22,36302,36611.95,36261.65,36428.55,17-Mar-22,24.1175,24.1175,20.77,22.61,24.1175,-1.51,-6.25
NIFTY BANK,21-Mar-22,36545.85,36600.2,35900.2,36018.5,21-Mar-22,22.61,24.7125,22.61,24.6225,22.61,2.01,8.9
NIFTY BANK,22-Mar-22,35975.6,36468.8,35384.75,36348.55,22-Mar-22,24.6225,25.1575,23.76,24.07,24.6225,-0.55,-2.24
NIFTY BANK,23-Mar-22,36627.7,36827.6,36064.75,36147.35,23-Mar-22,24.07,24.975,20.455,24.7475,24.07,0.68,2.81
NIFTY BANK,24-Mar-22,35633.7,35957.7,35421.7,35527.1,24-Mar-22,24.7475,25.53,23.8125,23.93,24.7475,-0.82,-3.3
NIFTY BANK,25-Mar-22,35700.4,35717.4,35203.85,35410.1,25-Mar-22,23.93,24.2725,22.91,23.43,23.93,-0.5,-2.09
NIFTY BANK,28-Mar-22,35488.7,35770.8,35016.3,35710.5,28-Mar-22,23.43,24.2125,19.59,22.61,23.43,-0.82,-3.5
NIFTY BANK,29-Mar-22,35931.75,35977.2,35506.55,35847.4,29-Mar-22,22.61,22.61,21.1025,21.3025,22.61,-1.31,-5.78
NIFTY BANK,30-Mar-22,36241.55,36421.1,36070.55,36334.3,30-Mar-22,21.3025,21.3025,19.73,20.61,21.3025,-0.69,-3.25
NIFTY BANK,31-Mar-22,36457.2,36590.85,36278.15,36373.6,31-Mar-22,20.61,20.9425,20.2125,20.56,20.61,-0.05,-0.24
NIFTY BANK,01-Apr-22,36298.35,37209.8,36242.35,37148.5,01-Apr-22,20.56,20.855,18.12,18.435,20.56,-2.13,-10.34
NIFTY BANK,04-Apr-22,37824.95,38765.85,37665.55,38635.2,04-Apr-22,18.435,18.825,17.5925,17.9075,18.435,-0.53,-2.86
NIFTY BANK,05-Apr-22,38731.3,38759.25,37935.95,38067.9,05-Apr-22,17.9075,18.63,16.79,18.4875,17.9075,0.58,3.24
NIFTY BANK,06-Apr-22,37711.3,37868.5,37513.85,37632.8,06-Apr-22,18.4875,19.2825,16.81,19.0225,18.4875,0.54,2.89
NIFTY BANK,07-Apr-22,37421.75,37975.9,37346.8,37557.35,07-Apr-22,19.0225,19.49,17.7175,18.9975,19.0225,-0.03,-0.13
NIFTY BANK,08-Apr-22,37619.7,37884.2,37405.2,37752.05,08-Apr-22,18.9975,20.0875,17.53,17.6875,18.9975,-1.31,-6.9
NIFTY BANK,11-Apr-22,37591.75,37941.75,37524.45,37613.8,11-Apr-22,17.6875,19.145,16.6425,18.27,17.6875,0.58,3.29
NIFTY BANK,12-Apr-22,37407.4,37920.6,37264.45,37747.4,12-Apr-22,18.27,18.6725,15.085,18.1575,18.27,-0.11,-0.62
NIFTY BANK,13-Apr-22,37887.3,37988.6,37408.2,37463.4,13-Apr-22,18.1575,18.4025,16.1925,17.785,18.1575,-0.37,-2.05
NIFTY BANK,18-Apr-22,36833.15,36965.85,36441.35,36729,18-Apr-22,17.785,20.4825,17.785,19.335,17.785,1.55,8.72
NIFTY BANK,19-Apr-22,36806.8,37123.55,35926.3,36341.6,19-Apr-22,19.335,20.8075,14.6275,19.775,19.335,0.44,2.28
NIFTY BANK,20-Apr-22,36482.6,36513.85,36114.05,36314.9,20-Apr-22,19.775,20.265,17.835,18.6725,19.775,-1.1,-5.58
NIFTY BANK,21-Apr-22,36513.1,36913.35,36395.7,36816.1,21-Apr-22,18.6725,18.6725,13.35,17.8525,18.6725,-0.82,-4.39
NIFTY BANK,22-Apr-22,36514.15,36578.95,35991.5,36044.75,22-Apr-22,17.8525,18.76,17.8125,18.3525,17.8525,0.5,2.8
NIFTY BANK,25-Apr-22,35792.35,36270.15,35511.4,36082.35,25-Apr-22,18.3525,21.755,18.3525,21.2575,18.3525,2.91,15.83
NIFTY BANK,26-Apr-22,36515.35,36604.55,36265.9,36404.8,26-Apr-22,21.2575,21.2575,19.005,19.1875,21.2575,-2.07,-9.74
NIFTY BANK,27-Apr-22,36067.55,36175.9,35747.15,36028.85,27-Apr-22,19.1875,21.365,19.1875,20.605,19.1875,1.42,7.39
NIFTY BANK,28-Apr-22,36189.95,36501.1,35951.1,36422.2,28-Apr-22,20.605,20.605,19.0225,19.3775,20.605,-1.23,-5.96
NIFTY BANK,29-Apr-22,36474.05,36718.8,35978.95,36088.15,29-Apr-22,19.3775,19.6475,18.2075,19.415,19.3775,0.04,0.19
NIFTY BANK,02-May-22,35627.6,36235.25,35618.2,36163.75,02-May-22,19.415,21.0625,19.415,20.2825,19.415,0.87,4.47
NIFTY BANK,04-May-22,36266.15,36309.3,35127.85,35264.55,04-May-22,20.2825,22.3875,18.4275,21.8775,20.2825,1.6,7.86
NIFTY BANK,05-May-22,35705.35,35934.85,35133.8,35232.85,05-May-22,21.8775,21.8775,19.615,20.2925,21.8775,-1.59,-7.24
NIFTY BANK,06-May-22,34569.1,34797.95,34353.2,34591.2,06-May-22,20.2925,21.81,19.3325,21.25,20.2925,0.96,4.72
NIFTY BANK,09-May-22,34091.75,34554.35,33927.2,34275.4,09-May-22,21.25,22.52,18.96,22.0325,21.25,0.78,3.68
NIFTY BANK,10-May-22,34181.2,34781.8,34176.8,34482.65,10-May-22,22.0325,22.515,21.2175,22.3025,22.0325,0.27,1.23
NIFTY BANK,11-May-22,34686.3,34793.2,34143.2,34693.15,11-May-22,22.3025,24.1875,20.4825,22.8025,22.3025,0.5,2.24
NIFTY BANK,12-May-22,34289.1,34341.2,33297.65,33532.15,12-May-22,22.8025,25.315,21.15,24.265,22.8025,1.46,6.41
NIFTY BANK,13-May-22,33925.95,34002.2,33007.9,33121.35,13-May-22,24.265,24.265,20.9675,23.485,24.265,-0.78,-3.21
NIFTY BANK,16-May-22,33256,33821.65,33001.75,33597.6,16-May-22,23.485,24.7125,21.275,24.5275,23.485,1.04,4.44
NIFTY BANK,17-May-22,33796.2,34366.05,33680.6,34301.9,17-May-22,24.5275,24.84,17.095,22.7425,24.5275,-1.79,-7.28
NIFTY BANK,18-May-22,34448.2,34655.8,34134.7,34163.7,18-May-22,22.7425,23.06,21.34,22.295,22.7425,-0.45,-1.97
NIFTY BANK,19-May-22,33461,33633.95,33180.6,33315.65,19-May-22,22.295,25.1475,22.295,24.5575,22.295,2.26,10.15
NIFTY BANK,20-May-22,33765.15,34358.05,33658.05,34276.4,20-May-22,24.5575,24.5575,22.4425,23.1,24.5575,-1.46,-5.94
NIFTY BANK,23-May-22,34321.4,34819.95,34117.35,34247.6,23-May-22,23.1,23.975,20.5,23.3975,23.1,0.3,1.29
NIFTY BANK,24-May-22,34223.2,34586.45,34115.8,34290.15,24-May-22,23.3975,25.99,23.155,25.635,23.3975,2.24,9.56
NIFTY BANK,25-May-22,34491.8,34722.6,34285.8,34339.5,25-May-22,25.635,25.635,24.3625,25.2825,25.635,-0.35,-1.38
NIFTY BANK,26-May-22,34670.6,35222.05,34424.75,35094.9,26-May-22,25.2825,25.2825,22.535,22.7175,25.2825,-2.56,-10.15
NIFTY BANK,27-May-22,35326.6,35694.85,35291.95,35613.3,27-May-22,22.7175,22.7175,21.2,21.48,22.7175,-1.24,-5.45
NIFTY BANK,30-May-22,35958.8,36083.7,35748.45,35826.95,30-May-22,21.48,21.48,19.72,19.98,21.48,-1.5,-6.98
NIFTY BANK,31-May-22,35615.3,35881.95,35288.95,35487.4,31-May-22,19.98,20.75,19.68,20.4775,19.98,0.5,2.49
NIFTY BANK,01-Jun-22,35358.95,35768.7,35285.45,35620.8,01-Jun-22,20.4775,21.3375,18.23,20.845,20.4775,0.37,1.79
NIFTY BANK,02-Jun-22,35470.95,35676.2,35385,35613.65,02-Jun-22,20.845,20.9975,18.3825,20.32,20.845,-0.52,-2.52
NIFTY BANK,03-Jun-22,35929.55,35958.45,35175.1,35275.05,03-Jun-22,20.32,20.32,18.735,19.975,20.32,-0.34,-1.7
NIFTY BANK,06-Jun-22,35159.15,35424.5,35072.3,35310.2,06-Jun-22,19.975,20.6825,18.65,20.2025,19.975,0.23,1.14
NIFTY BANK,07-Jun-22,35080.8,35154.3,34834.4,34996,07-Jun-22,20.2025,21.07,19.4325,20.425,20.2025,0.22,1.1
NIFTY BANK,08-Jun-22,35165.65,35449.9,34831.75,34946.15,08-Jun-22,20.425,20.6875,19.3875,19.8375,20.425,-0.59,-2.88
NIFTY BANK,09-Jun-22,34802.25,35149.1,34659.1,35085.45,09-Jun-22,19.8375,19.8375,18.155,19.14,19.8375,-0.7,-3.52
NIFTY BANK,10-Jun-22,34686.95,34752.45,34346.65,34483.8,10-Jun-22,19.14,19.755,18.255,19.575,19.14,0.43,2.27
NIFTY BANK,13-Jun-22,33728.65,33774.05,33210.35,33405.85,13-Jun-22,19.575,22.8025,19.575,22.365,19.575,2.79,14.25
NIFTY BANK,14-Jun-22,33180.6,33618.15,33123.9,33311.35,14-Jun-22,22.365,22.635,18.9475,21.8875,22.365,-0.48,-2.14
NIFTY BANK,15-Jun-22,33317.8,33554.55,33249.55,33339,15-Jun-22,21.8875,22.365,20.95,22.1475,21.8875,0.26,1.19
NIFTY BANK,16-Jun-22,33648.8,33756.5,32537.95,32617.1,16-Jun-22,22.1475,28.13,19.7475,22.8675,22.1475,0.72,3.25
NIFTY BANK,17-Jun-22,32393.45,32889.8,32290.55,32743.05,17-Jun-22,22.8675,23.69,18.0225,22.7575,22.8675,-0.11,-0.48
NIFTY BANK,20-Jun-22,32873.4,32926.1,32426.4,32684.8,20-Jun-22,22.7575,23.635,16.0025,22.4125,22.7575,-0.34,-1.52
NIFTY BANK,21-Jun-22,32978.05,33593.8,32797.55,33191.75,21-Jun-22,22.4125,22.4125,20.48,21.1425,22.4125,-1.27,-5.67
NIFTY BANK,22-Jun-22,33051.65,33106.95,32758.15,32845.3,22-Jun-22,21.1425,21.785,19.32,21.3,21.1425,0.16,0.74
NIFTY BANK,23-Jun-22,32927.4,33431.75,32652.15,33135,23-Jun-22,21.3,21.71,18.355,20.88,21.3,-0.42,-1.97
NIFTY BANK,24-Jun-22,33434.8,33721.9,33390.85,33627.45,24-Jun-22,20.88,21.2725,18.6825,20.55,20.88,-0.33,-1.58
NIFTY BANK,27-Jun-22,34126.2,34147.5,33735.5,33811.25,27-Jun-22,20.55,21.12,19.545,21.005,20.55,0.45,2.21
NIFTY BANK,28-Jun-22,33578.2,33745.3,33503.3,33642.45,28-Jun-22,21.005,21.68,20.5125,21.45,21.005,0.45,2.12
NIFTY BANK,29-Jun-22,33273.55,33422.8,33185.25,33269.9,29-Jun-22,21.45,22.085,21.45,21.9,21.45,0.45,2.1
NIFTY BANK,30-Jun-22,33180.7,33659.3,33179.6,33425.1,30-Jun-22,21.9,22.2725,21.5375,21.84,21.9,-0.06,-0.27
NIFTY BANK,01-Jul-22,33264.75,33666.5,33080.45,33539.45,01-Jul-22,21.84,22.43,21.1425,21.25,21.84,-0.59,-2.7
NIFTY BANK,04-Jul-22,33558.85,33978.5,33515.6,33940.9,04-Jul-22,21.25,22.2475,20.9225,20.9725,21.25,-0.28,-1.31
NIFTY BANK,05-Jul-22,34084.7,34361.05,33757,33815.9,05-Jul-22,20.9725,20.9925,20.235,20.7875,20.9725,-0.18,-0.88
NIFTY BANK,06-Jul-22,33929.4,34388.5,33876.15,34324.25,06-Jul-22,20.7875,20.7875,19.8225,20.2675,20.7875,-0.52,-2.5
NIFTY BANK,07-Jul-22,34627.4,34965.75,34553.1,34920.3,07-Jul-22,20.2675,20.2675,19.0125,19.2025,20.2675,-1.06,-5.25
NIFTY BANK,08-Jul-22,35258.9,35262.1,34977.75,35124.05,08-Jul-22,19.2025,19.2025,18.22,18.395,19.2025,-0.81,-4.21
NIFTY BANK,11-Jul-22,35017.6,35543.1,35006.55,35469.65,11-Jul-22,18.395,19.215,16.6475,18.3675,18.395,-0.03,-0.15
NIFTY BANK,12-Jul-22,35298.7,35419.65,35047.5,35132.25,12-Jul-22,18.3675,18.6375,17.3,18.5475,18.3675,0.18,0.98
NIFTY BANK,13-Jul-22,35259.8,35308.15,34757.6,34827.8,13-Jul-22,18.5475,18.7625,17.735,18.52,18.5475,-0.03,-0.15
NIFTY BANK,14-Jul-22,34817.95,35027.6,34558.45,34651.2,14-Jul-22,18.52,18.69,17.75,18.34,18.52,-0.18,-0.97
NIFTY BANK,15-Jul-22,34734.45,34899.95,34463.9,34682.65,15-Jul-22,18.34,18.34,17.53,17.5975,18.34,-0.74,-4.05
NIFTY BANK,18-Jul-22,34841.85,35382.5,34804.4,35358.7,18-Jul-22,17.5975,18.1825,16.47,17.16,17.5975,-0.44,-2.49
NIFTY BANK,19-Jul-22,35113.25,35761.65,35110.5,35720.35,19-Jul-22,17.16,17.6675,16.3525,17.2025,17.16,0.04,0.25
NIFTY BANK,20-Jul-22,36061.3,36182.7,35876.55,35972.1,20-Jul-22,17.2025,17.2725,15.6575,16.8225,17.2025,-0.38,-2.21
NIFTY BANK,21-Jul-22,36026.55,36331.7,35887.35,36201,21-Jul-22,16.8225,17.2075,15.9725,16.8575,16.8225,0.04,0.21
NIFTY BANK,22-Jul-22,36322.9,36823.45,36286.35,36738.95,22-Jul-22,16.8575,16.9625,16.1625,16.65,16.8575,-0.21,-1.23
NIFTY BANK,25-Jul-22,36766.7,37011.2,36464.65,36726.4,25-Jul-22,16.65,17.9075,16.1775,17.68,16.65,1.03,6.19
NIFTY BANK,26-Jul-22,36688.55,36695.75,36334.1,36408.5,26-Jul-22,17.68,18.2675,17.355,18.17,17.68,0.49,2.77
NIFTY BANK,27-Jul-22,36370.55,36808.3,36248.6,36783.75,27-Jul-22,18.17,18.635,17.7525,18.13,18.17,-0.04,-0.22
NIFTY BANK,28-Jul-22,37102.45,37414.4,37028.5,37378.15,28-Jul-22,18.13,18.13,16.8375,17.0125,18.13,-1.12,-6.16
NIFTY BANK,29-Jul-22,37717.3,37754.65,37221.15,37491.4,29-Jul-22,17.0125,18.645,16.49,16.55,17.0125,-0.46,-2.72
NIFTY BANK,01-Aug-22,37594.15,37939.6,37407.2,37903.2,01-Aug-22,16.55,17.625,15.8925,17.485,16.55,0.93,5.65
NIFTY BANK,02-Aug-22,37767.7,38179.85,37632.3,38024,02-Aug-22,17.485,18.755,17.485,18.53,17.485,1.05,5.98
NIFTY BANK,03-Aug-22,37954.55,38068.6,37692.95,37989.25,03-Aug-22,18.53,19.1725,17.95,18.45,18.53,-0.08,-0.43
NIFTY BANK,04-Aug-22,38111.05,38231.85,37249.5,37755.55,04-Aug-22,18.45,21.06,17.625,19.2575,18.45,0.81,4.38
NIFTY BANK,05-Aug-22,37868.25,38150.45,37779.9,37920.6,05-Aug-22,19.2575,19.39,18.0075,18.915,19.2575,-0.34,-1.78
NIFTY BANK,08-Aug-22,37847.35,38302.35,37681.45,38237.4,08-Aug-22,18.915,20.18,17.78,19.3025,18.915,0.39,2.05
NIFTY BANK,10-Aug-22,38298.85,38402.95,38155.3,38287.85,10-Aug-22,19.3025,20.77,18.8575,19.5875,19.3025,0.29,1.48
NIFTY BANK,11-Aug-22,38712.95,38932.1,38648.9,38879.85,11-Aug-22,19.5875,19.5875,18.2,18.355,19.5875,-1.23,-6.29
NIFTY BANK,12-Aug-22,38942.45,39088.9,38739.95,39042.3,12-Aug-22,18.355,18.525,17.41,17.6075,18.355,-0.75,-4.07
NIFTY BANK,16-Aug-22,39284.1,39444.6,39119.9,39239.65,16-Aug-22,17.6075,18.355,17.005,17.685,17.6075,0.08,0.44
NIFTY BANK,17-Aug-22,39351.3,39504.5,39202.8,39461.7,17-Aug-22,17.685,17.7875,16.5475,17.6775,17.685,-0.01,-0.04
NIFTY BANK,18-Aug-22,39324.4,39703.7,39291.15,39656.15,18-Aug-22,17.6775,18.44,16.715,17.35,17.6775,-0.33,-1.85
NIFTY BANK,19-Aug-22,39732.65,39759.15,38848.4,38985.95,19-Aug-22,17.35,18.5675,16.875,18.285,17.35,0.93,5.39
NIFTY BANK,22-Aug-22,38693.65,38732.85,38247.25,38297.75,22-Aug-22,18.285,19.295,17.2,19.0375,18.285,0.75,4.12
NIFTY BANK,23-Aug-22,37955.45,38869.9,37950.85,38697.65,23-Aug-22,19.0375,19.59,18.1775,19.05,19.0375,0.01,0.07
NIFTY BANK,24-Aug-22,38552.7,39120.8,38552.2,39038.5,24-Aug-22,19.05,19.3425,17.9875,18.43,19.05,-0.62,-3.25
NIFTY BANK,25-Aug-22,39190.05,39471.75,38803.7,38950.75,25-Aug-22,18.43,20.215,17.275,19.57,18.43,1.14,6.19
NIFTY BANK,26-Aug-22,39129.65,39337.1,38846.8,38987.15,26-Aug-22,19.57,19.57,15.825,18.215,19.57,-1.36,-6.92
NIFTY BANK,29-Aug-22,38111.6,38397.1,37943.85,38276.7,29-Aug-22,18.215,21.205,18.215,19.8225,18.215,1.61,8.83
NIFTY BANK,30-Aug-22,38516.95,39606.55,38472.7,39536.75,30-Aug-22,19.8225,19.8225,17.2575,18.7,19.8225,-1.12,-5.66
NIFTY BANK,01-Sep-22,38806.7,39667.65,38803.3,39301.25,01-Sep-22,18.7,20.9875,18.105,19.8725,18.7,1.17,6.27
NIFTY BANK,02-Sep-22,39422.3,39595.85,39200.45,39421,02-Sep-22,19.8725,20.1425,17.4025,19.55,19.8725,-0.32,-1.62
NIFTY BANK,05-Sep-22,39412.05,39865.2,39407.4,39805.75,05-Sep-22,19.55,20.29,19.45,19.6625,19.55,0.11,0.58
NIFTY BANK,06-Sep-22,39892.95,40073.75,39564.3,39666.5,06-Sep-22,19.6625,20,18.645,19.525,19.6625,-0.14,-0.7
NIFTY BANK,07-Sep-22,39337.75,39572.05,39258.25,39455.9,07-Sep-22,19.525,20.175,18.2775,19.3675,19.525,-0.16,-0.81
NIFTY BANK,08-Sep-22,39763.9,40265.75,39706.4,40208.95,08-Sep-22,19.3675,19.3675,17.3025,18.305,19.3675,-1.06,-5.49
NIFTY BANK,09-Sep-22,40520.75,40685.95,40280.3,40415.7,09-Sep-22,18.305,18.51,16.545,17.7175,18.305,-0.59,-3.21
NIFTY BANK,12-Sep-22,40540.45,40684.9,40377.9,40574,12-Sep-22,17.7175,18.3825,16.3925,17.9375,17.7175,0.22,1.24
NIFTY BANK,13-Sep-22,40802.1,40904.3,40693.95,40873.1,13-Sep-22,17.9375,17.9375,16.8575,17.47,17.9375,-0.47,-2.61
NIFTY BANK,14-Sep-22,40308.8,41626.9,40288.9,41405.4,14-Sep-22,17.47,18.565,17.26,18.2775,17.47,0.81,4.62
NIFTY BANK,15-Sep-22,41533.7,41840.15,41153.5,41209.2,15-Sep-22,18.2775,19.215,16.78,18.3925,18.2775,0.11,0.63
NIFTY BANK,16-Sep-22,40977.2,41162.5,40502.05,40776.8,16-Sep-22,18.3925,20.2425,18.3,19.8225,18.3925,1.43,7.77
NIFTY BANK,19-Sep-22,40685.6,41184.25,40509.9,40904.4,19-Sep-22,19.8225,21.205,16.4725,19.94,19.8225,0.12,0.59
NIFTY BANK,20-Sep-22,41304.15,41677.65,41207.3,41468.3,20-Sep-22,19.94,19.94,18.1125,18.7975,19.94,-1.14,-5.73
NIFTY BANK,21-Sep-22,41282.6,41501.7,40889.15,41203.45,21-Sep-22,18.7975,20.29,18.305,19.325,18.7975,0.53,2.81
NIFTY BANK,22-Sep-22,40889.05,41159.2,40360.2,40630.6,22-Sep-22,19.325,20.1375,17.4075,18.815,19.325,-0.51,-2.64
NIFTY BANK,23-Sep-22,40429.35,40528.4,39412.7,39546.25,23-Sep-22,18.815,20.8125,17.345,20.5925,18.815,1.78,9.45
NIFTY BANK,26-Sep-22,39027.85,39229.4,38492.2,38616.25,26-Sep-22,20.5925,22.8975,18.805,21.8925,20.5925,1.3,6.31
NIFTY BANK,27-Sep-22,38811.7,39050.5,38184.9,38359.15,27-Sep-22,21.8925,22.2925,20.7875,21.5675,21.8925,-0.32,-1.48
NIFTY BANK,28-Sep-22,38081.25,38368.8,37626.2,37759.85,28-Sep-22,21.5675,22.3625,21.49,22.095,21.5675,0.53,2.45
NIFTY BANK,29-Sep-22,38092.85,38283.4,37536.65,37647.75,29-Sep-22,22.095,22.2875,21.065,21.3025,22.095,-0.79,-3.59
NIFTY BANK,30-Sep-22,37660,38811,37386.35,38631.95,30-Sep-22,21.3025,21.9875,19.6975,19.9675,21.3025,-1.33,-6.27
NIFTY BANK,03-Oct-22,38444.9,38641.6,37963.25,38029.65,03-Oct-22,19.9675,21.68,19.9675,21.365,19.9675,1.4,7
NIFTY BANK,04-Oct-22,38700.4,39177.5,38596.9,39110.05,04-Oct-22,21.365,21.365,19.4475,19.57,21.365,-1.79,-8.4
NIFTY BANK,06-Oct-22,39343.7,39608.35,39232.9,39282.85,06-Oct-22,19.57,20.02,18.585,19.315,19.57,-0.25,-1.3
NIFTY BANK,07-Oct-22,39093.5,39235.05,38807.5,39178.05,07-Oct-22,19.315,19.725,18.6875,18.8125,19.315,-0.5,-2.6
NIFTY BANK,10-Oct-22,38641.55,39315.7,38518.3,39093.1,10-Oct-22,18.8125,20.34,18.8125,19.6225,18.8125,0.81,4.31
NIFTY BANK,11-Oct-22,39058.85,39174.95,38622.75,38712.45,11-Oct-22,19.6225,20.8175,19.09,20.49,19.6225,0.87,4.42
NIFTY BANK,12-Oct-22,38784.2,39164.1,38606.4,39118.55,12-Oct-22,20.49,20.885,19.885,20.175,20.49,-0.31,-1.54
NIFTY BANK,13-Oct-22,38957.65,39061.3,38437.95,38624,13-Oct-22,20.175,20.9425,18.4025,20.29,20.175,0.11,0.57
NIFTY BANK,14-Oct-22,39446.05,39570.85,39196.3,39305.6,14-Oct-22,20.29,20.63,18.075,18.2575,20.29,-2.03,-10.02
NIFTY BANK,17-Oct-22,39295.6,39974.7,39146.7,39920.45,17-Oct-22,18.2575,19.0775,18.2575,18.4175,18.2575,0.16,0.88
NIFTY BANK,18-Oct-22,40252.05,40435.35,40139.85,40318.75,18-Oct-22,18.4175,18.4175,16.575,17.4525,18.4175,-0.96,-5.24
NIFTY BANK,19-Oct-22,40556.65,40643.6,40195.2,40373.2,19-Oct-22,17.4525,17.555,16.2275,17.4875,17.4525,0.04,0.2
NIFTY BANK,20-Oct-22,40149.5,40208.35,39848.85,40099.55,20-Oct-22,17.4875,17.7625,15.5675,17.2325,17.4875,-0.25,-1.46
NIFTY BANK,21-Oct-22,40370.75,41032.25,40355.45,40784.05,21-Oct-22,17.2325,17.4275,16.585,17.28,17.2325,0.05,0.28
NIFTY BANK,24-Oct-22,41348.35,41427.25,41201.15,41304.9,24-Oct-22,17.28,17.6725,17.07,17.4225,17.28,0.14,0.82
NIFTY BANK,25-Oct-22,41513.65,41530.65,41021.45,41122.75,25-Oct-22,17.4225,17.6175,16.49,16.88,17.4225,-0.54,-3.11
NIFTY BANK,27-Oct-22,41440.7,41511.8,41178.65,41299.3,27-Oct-22,16.88,17.07,14.79,16.5975,16.88,-0.28,-1.67
NIFTY BANK,28-Oct-22,41236.8,41482.4,40839.3,40990.85,28-Oct-22,16.5975,17.0375,15.8475,15.9225,16.5975,-0.68,-4.07
NIFTY BANK,31-Oct-22,41265.7,41353.7,41106.1,41307.9,31-Oct-22,15.9225,16.63,15.07,15.8025,15.9225,-0.12,-0.75
NIFTY BANK,01-Nov-22,41552.4,41677.25,41188.55,41289.55,01-Nov-22,15.8025,16.2025,15.1075,16.13,15.8025,0.33,2.07
NIFTY BANK,02-Nov-22,41472.6,41474.3,41060.45,41146.65,02-Nov-22,16.13,16.855,14.68,16.6625,16.13,0.53,3.3
NIFTY BANK,03-Nov-22,40873.7,41478,40819.15,41298.35,03-Nov-22,16.6625,16.7325,14.985,15.9425,16.6625,-0.72,-4.32
NIFTY BANK,04-Nov-22,41314.85,41516.2,41051.15,41258.45,04-Nov-22,15.9425,16.2075,15.4825,15.655,15.9425,-0.29,-1.8
NIFTY BANK,07-Nov-22,41740.65,41779.4,41337.05,41686.7,07-Nov-22,15.655,16.355,15.2775,15.585,15.655,-0.07,-0.45
NIFTY BANK,09-Nov-22,41914.85,41948.9,41667.9,41783.2,09-Nov-22,15.585,16.0675,15.0175,15.915,15.585,0.33,2.12
NIFTY BANK,10-Nov-22,41462.85,41643.9,41318.6,41603.75,10-Nov-22,15.915,16.2925,15.4925,15.5675,15.915,-0.35,-2.18
NIFTY BANK,11-Nov-22,42163.4,42345.5,41918.1,42137.05,11-Nov-22,15.5675,15.5675,14.2775,14.405,15.5675,-1.16,-7.47
NIFTY BANK,14-Nov-22,42177.55,42231.45,41965.45,42076.75,14-Nov-22,14.405,15.27,12.555,14.91,14.405,0.51,3.51
NIFTY BANK,15-Nov-22,42234.85,42450.05,42079.55,42372.7,15-Nov-22,14.91,15.015,13.8275,14.635,14.91,-0.28,-1.84
NIFTY BANK,16-Nov-22,42371.8,42611.75,42296.3,42535.3,16-Nov-22,14.635,15.5325,13.9275,15.1,14.635,0.46,3.18
NIFTY BANK,17-Nov-22,42399.65,42622.75,42366.55,42458.05,17-Nov-22,15.1,16.2625,13.09,14.8775,15.1,-0.22,-1.47
NIFTY BANK,18-Nov-22,42545.75,42590.75,42223.7,42437.45,18-Nov-22,14.8775,15.6925,13.86,14.39,14.8775,-0.49,-3.28
NIFTY BANK,21-Nov-22,42286.95,42386.8,42202.55,42346.55,21-Nov-22,14.39,15.5475,13.3625,14.7975,14.39,0.41,2.83
NIFTY BANK,22-Nov-22,42467.4,42508.75,42347.15,42457.05,22-Nov-22,14.7975,16.2725,13.32,13.8425,14.7975,-0.96,-6.45
NIFTY BANK,23-Nov-22,42668.55,42860.55,42556.4,42729.1,23-Nov-22,13.8425,14.3275,11.875,14.0425,13.8425,0.2,1.44
NIFTY BANK,24-Nov-22,42838.35,43163.4,42769.65,43075.4,24-Nov-22,14.0425,14.0425,12.9975,13.4775,14.0425,-0.57,-4.02
NIFTY BANK,25-Nov-22,43192.45,43339.15,42864.95,42983.95,25-Nov-22,13.4775,15.7725,12.7725,13.3325,13.4775,-0.14,-1.08
NIFTY BANK,28-Nov-22,42757.2,43159.8,42740,43020.45,28-Nov-22,13.3325,14.0575,12.41,13.565,13.3325,0.23,1.74
NIFTY BANK,29-Nov-22,42959.4,43279.6,42959.4,43053.45,29-Nov-22,13.565,14.62,12.4075,13.615,13.565,0.05,0.37
NIFTY BANK,30-Nov-22,43122.75,43332.3,42880.05,43231,30-Nov-22,13.615,14.05,12.7525,13.8075,13.615,0.19,1.41
NIFTY BANK,01-Dec-22,43512.1,43515.05,43101.85,43260.65,01-Dec-22,13.8075,14.23,12.985,13.36,13.8075,-0.45,-3.24
NIFTY BANK,02-Dec-22,42976.7,43131.9,42937.8,43103.75,02-Dec-22,13.36,14.0925,12.96,13.45,13.36,0.09,0.67
NIFTY BANK,05-Dec-22,43269.35,43372.15,42985,43332.95,05-Dec-22,13.45,14.4175,13.45,13.7325,13.45,0.28,2.1
NIFTY BANK,06-Dec-22,43093.9,43306.85,43076.4,43138.55,06-Dec-22,13.7325,14.2525,12.18,14.0425,13.7325,0.31,2.26
NIFTY BANK,07-Dec-22,43157.35,43327.35,42948.45,43098.7,07-Dec-22,14.0425,14.4625,13.795,14.0775,14.0425,0.04,0.25
NIFTY BANK,08-Dec-22,43142.25,43640.9,43095.3,43596.85,08-Dec-22,14.0775,14.89,13.26,13.3975,14.0775,-0.68,-4.83
NIFTY BANK,09-Dec-22,43765.3,43853.4,43361.7,43633.45,09-Dec-22,13.3975,13.9625,11.9125,13.4775,13.3975,0.08,0.6
NIFTY BANK,12-Dec-22,43455.85,43767.05,43378.8,43708.75,12-Dec-22,13.4775,14.15,12.5275,13.3175,13.4775,-0.16,-1.19
NIFTY BANK,13-Dec-22,43793.7,43983.8,43767.75,43946.55,13-Dec-22,13.3175,13.5775,11.4325,12.8825,13.3175,-0.44,-3.27
NIFTY BANK,14-Dec-22,44078.6,44151.8,43987.95,44049.1,14-Dec-22,12.8825,13.0825,11.5275,12.885,12.8825,0,0.02
NIFTY BANK,15-Dec-22,43940.1,44120.6,43379.1,43498.2,15-Dec-22,12.885,13.8825,12.5875,13.7325,12.885,0.85,6.58
NIFTY BANK,16-Dec-22,43261.75,43598.2,43080.55,43219.5,16-Dec-22,13.7325,14.22,12.4925,14.07,13.7325,0.34,2.46
NIFTY BANK,19-Dec-22,43346.35,43451.45,43110.3,43413.75,19-Dec-22,14.07,14.4875,13.5,13.5525,14.07,-0.52,-3.68
NIFTY BANK,20-Dec-22,43152.65,43426.2,42955.4,43359.5,20-Dec-22,13.5525,14.9225,13.04,13.78,13.5525,0.23,1.68
NIFTY BANK,21-Dec-22,43525.75,43614.65,42363.8,42617.95,21-Dec-22,13.78,16.01,12.4625,15.5625,13.78,1.78,12.94
NIFTY BANK,22-Dec-22,42864,42933.5,42231.35,42408.8,22-Dec-22,15.5625,16.3,14.44,15.1875,15.5625,-0.38,-2.41
NIFTY BANK,23-Dec-22,41951.35,42226.65,41597.65,41668.05,23-Dec-22,15.1875,16.48,14.4825,16.16,15.1875,0.97,6.4
NIFTY BANK,26-Dec-22,41716.35,42846.15,41569.45,42630.15,26-Dec-22,16.16,17.23,14.3075,15.9325,16.16,-0.23,-1.41
NIFTY BANK,27-Dec-22,42827.75,42927.2,42394.15,42859.5,27-Dec-22,15.9325,16.1325,14.925,15.29,15.9325,-0.64,-4.03
NIFTY BANK,28-Dec-22,42733.6,43034.95,42694.85,42827.7,28-Dec-22,15.29,15.6475,15.2725,15.395,15.29,0.11,0.69
NIFTY BANK,29-Dec-22,42684.9,43498.05,42489.8,43252.35,29-Dec-22,15.395,15.77,14.71,14.8125,15.395,-0.58,-3.78
NIFTY BANK,30-Dec-22,43401.7,43422.95,42833.1,42986.45,30-Dec-22,14.8125,15.115,14.2825,14.8675,14.8125,0.05,0.37
NIFTY BANK,02-Jan-23,43038.25,43382.75,42961.75,43203.1,02-Jan-23,14.8675,15.4525,14.5675,14.685,14.8675,-0.18,-1.23
NIFTY BANK,03-Jan-23,43151.45,43482.8,43148.45,43425.25,03-Jan-23,14.685,14.99,14.305,14.385,14.685,-0.3,-2.04
NIFTY BANK,04-Jan-23,43417.5,43578.4,42858.65,42958.8,04-Jan-23,14.385,15.6825,14.33,15.1975,14.385,0.81,5.65
NIFTY BANK,05-Jan-23,43073.05,43137.55,42298.6,42608.7,05-Jan-23,15.1975,15.6,14.8125,14.9825,15.1975,-0.21,-1.41
NIFTY BANK,06-Jan-23,42649.7,42685.9,41877,42188.8,06-Jan-23,14.9825,15.4375,14.6225,15.025,14.9825,0.04,0.28
NIFTY BANK,09-Jan-23,42404.85,42716.8,42186.55,42582.75,09-Jan-23,15.025,15.3775,14.53,14.6525,15.025,-0.37,-2.48
NIFTY BANK,10-Jan-23,42642,42674.25,41835.75,42014.75,10-Jan-23,14.6525,15.935,14.5625,15.51,14.6525,0.86,5.85
NIFTY BANK,11-Jan-23,42071.85,42318,41729,42232.7,11-Jan-23,15.51,16.225,15.115,15.435,15.51,-0.07,-0.48
NIFTY BANK,12-Jan-23,42238.5,42343.5,41742.95,42082.25,12-Jan-23,15.435,16.0425,14.4175,15.275,15.435,-0.16,-1.04
NIFTY BANK,13-Jan-23,42171.25,42453.95,41885.6,42371.25,13-Jan-23,15.275,15.6025,14.395,14.46,15.275,-0.81,-5.34
NIFTY BANK,16-Jan-23,42622.5,42715.65,42066.55,42167.55,16-Jan-23,14.46,15.3625,14.46,15.0225,14.46,0.56,3.89
NIFTY BANK,17-Jan-23,42241.2,42383.8,41861.1,42235.05,17-Jan-23,15.0225,15.31,13.84,14.59,15.0225,-0.43,-2.88
NIFTY BANK,18-Jan-23,42271.8,42555.9,42119.65,42458,18-Jan-23,14.59,14.75,12.4725,14.3725,14.59,-0.22,-1.49
NIFTY BANK,19-Jan-23,42416.3,42506.25,42234.9,42328.85,19-Jan-23,14.3725,14.8325,13.8925,13.96,14.3725,-0.41,-2.87
NIFTY BANK,20-Jan-23,42516.05,42709.2,42366.15,42506.8,20-Jan-23,13.96,14.185,11.6425,13.7875,13.96,-0.17,-1.24
NIFTY BANK,23-Jan-23,42891.45,43005.85,42727.7,42821.25,23-Jan-23,13.7875,14.26,13.48,13.6175,13.7875,-0.17,-1.23
NIFTY BANK,24-Jan-23,42994.45,43078.9,42615.65,42733.45,24-Jan-23,13.6175,13.81,13.3,13.6575,13.6175,0.04,0.29
NIFTY BANK,25-Jan-23,42703.6,42733.05,41540.3,41647.65,25-Jan-23,13.6575,15.4225,13.5175,14.655,13.6575,1,7.3
NIFTY BANK,27-Jan-23,41382.35,41417.9,40148.8,40345.3,27-Jan-23,14.655,18.0125,14.5825,17.32,14.655,2.67,18.18
NIFTY BANK,30-Jan-23,39856.15,40789.55,39419.8,40387.45,30-Jan-23,17.32,19.39,17.29,17.71,17.32,0.39,2.25
NIFTY BANK,31-Jan-23,40563.85,40811.65,40167.7,40655.05,31-Jan-23,17.71,18.3675,16.565,16.875,17.71,-0.84,-4.71
NIFTY BANK,01-Feb-23,41115,42015.65,39490.5,40513,01-Feb-23,16.875,18.54,14.8475,16.78,16.875,-0.09,-0.56
NIFTY BANK,02-Feb-23,39943.35,40757.6,39761.45,40669.3,02-Feb-23,16.78,17.7675,15.5075,15.7325,16.78,-1.05,-6.24
NIFTY BANK,03-Feb-23,41019.35,41539.95,40609.75,41499.7,03-Feb-23,15.7325,15.7575,14.27,14.3975,15.7325,-1.33,-8.49
NIFTY BANK,06-Feb-23,41530.15,41724.5,41261.2,41374.65,06-Feb-23,14.3975,15.205,14.185,14.6875,14.3975,0.29,2.01
NIFTY BANK,07-Feb-23,41513.1,41630.75,41095.1,41490.95,07-Feb-23,14.6875,14.875,13.665,14.125,14.6875,-0.56,-3.83
NIFTY BANK,08-Feb-23,41542.05,41791.95,41403.05,41537.65,08-Feb-23,14.125,14.2475,13.535,13.595,14.125,-0.53,-3.75
NIFTY BANK,09-Feb-23,41634,41634,41252.95,41554.3,09-Feb-23,13.595,13.815,12.0625,13.04,13.595,-0.56,-4.08
NIFTY BANK,10-Feb-23,41452.4,41678.9,41424.9,41559.4,10-Feb-23,13.04,13.2775,12.2075,12.745,13.04,-0.29,-2.26
NIFTY BANK,13-Feb-23,41563.5,41662.55,41157.9,41282.2,13-Feb-23,12.745,14.095,11.83,13.68,12.745,0.94,7.34
NIFTY BANK,14-Feb-23,41410.45,41718,41195.75,41648.35,14-Feb-23,13.68,13.68,12.4525,13.4525,13.68,-0.23,-1.66
NIFTY BANK,15-Feb-23,41674.6,41795.45,41455.6,41731.05,15-Feb-23,13.4525,13.4525,11.28,12.86,13.4525,-0.59,-4.4
NIFTY BANK,16-Feb-23,41925.7,41979.1,41521.95,41631.35,16-Feb-23,12.86,13.1625,10.1725,12.89,12.86,0.03,0.23
NIFTY BANK,17-Feb-23,41514,41516.3,40882.7,41131.75,17-Feb-23,12.89,13.52,10.8025,13.085,12.89,0.2,1.51
NIFTY BANK,20-Feb-23,41221.55,41292.6,40580.1,40701.7,20-Feb-23,13.085,13.7075,10.9225,13.3825,13.085,0.3,2.27
NIFTY BANK,21-Feb-23,40784.9,40946.2,40508.25,40673.6,21-Feb-23,13.3825,14.295,13.3825,14.0075,13.3825,0.63,4.67
NIFTY BANK,22-Feb-23,40494.15,40529.25,39899,39995.9,22-Feb-23,14.0075,15.915,12.3775,15.5875,14.0075,1.58,11.28
NIFTY BANK,23-Feb-23,39983.7,40147.8,39600.25,40001.55,23-Feb-23,15.5875,16.01,14.5175,15.075,15.5875,-0.51,-3.29
NIFTY BANK,24-Feb-23,40259.1,40348.1,39818.9,39909.4,24-Feb-23,15.075,15.1425,14.0075,14.185,15.075,-0.89,-5.9
NIFTY BANK,27-Feb-23,39820.4,40371.45,39745.4,40307.1,27-Feb-23,14.185,15.0975,13.75,13.875,14.185,-0.31,-2.19
NIFTY BANK,28-Feb-23,40302.7,40391.45,40073,40269.05,28-Feb-23,13.875,14.5675,13.5,14.02,13.875,0.14,1.05
NIFTY BANK,01-Mar-23,40473.85,40725.35,40341.95,40698.15,01-Mar-23,14.02,14.02,12.275,12.995,14.02,-1.03,-7.31
NIFTY BANK,02-Mar-23,40604.55,40773.25,40312.9,40389.8,02-Mar-23,12.995,13.55,11.1,12.97,12.995,-0.02,-0.19
NIFTY BANK,03-Mar-23,40671.4,41390.15,40605.35,41251.35,03-Mar-23,12.97,12.97,11.98,12.18,12.97,-0.79,-6.09
NIFTY BANK,06-Mar-23,41418.4,41671.2,41259.15,41350.4,06-Mar-23,12.18,12.4725,11.8375,12.2675,12.18,0.09,0.72
NIFTY BANK,08-Mar-23,41178.35,41625.35,41100.35,41577.1,08-Mar-23,12.2675,12.8475,11.8975,12.45,12.2675,0.18,1.49
NIFTY BANK,09-Mar-23,41532.65,41659,41208.1,41256.75,09-Mar-23,12.45,12.8425,11.78,12.725,12.45,0.28,2.21
NIFTY BANK,10-Mar-23,40805.25,40839,40341.7,40485.45,10-Mar-23,12.725,13.8175,12.725,13.4125,12.725,0.69,5.4
NIFTY BANK,13-Mar-23,40356.1,40690.05,39454.6,39564.7,13-Mar-23,13.4125,16.4275,13.4125,16.215,13.4125,2.8,20.89
NIFTY BANK,14-Mar-23,39522.4,39768.5,39132.6,39411.4,14-Mar-23,16.215,16.6425,15.0025,16.2175,16.215,0,0.02
NIFTY BANK,15-Mar-23,39777.9,39914.1,38934.65,39051.5,15-Mar-23,16.2175,16.505,14.5175,16.295,16.2175,0.08,0.48
NIFTY BANK,16-Mar-23,39061.7,39381.4,38613.15,39132.6,16-Mar-23,16.295,17.355,13.95,16.2175,16.295,-0.08,-0.48
NIFTY BANK,17-Mar-23,39442.4,39705.15,38926.8,39598.1,17-Mar-23,16.2175,16.2175,14.6,14.7675,16.2175,-1.45,-8.94
NIFTY BANK,20-Mar-23,39512.1,39512.1,38941.9,39361.95,20-Mar-23,14.7675,17.22,14.52,16.0075,14.7675,1.24,8.4
NIFTY BANK,21-Mar-23,39599.65,39970.9,39366.3,39894.7,21-Mar-23,16.0075,16.035,14.0825,15.0825,16.0075,-0.93,-5.78
NIFTY BANK,22-Mar-23,40036,40085.6,39837.8,39999.05,22-Mar-23,15.0825,15.0925,14.2425,14.8075,15.0825,-0.28,-1.82
NIFTY BANK,23-Mar-23,39836.15,40201.6,39552.5,39616.9,23-Mar-23,14.8075,15.0575,13.9025,14.49,14.8075,-0.32,-2.14
NIFTY BANK,24-Mar-23,39555.25,39767.9,39294.9,39395.35,24-Mar-23,14.49,15.43,14.2025,15.24,14.49,0.75,5.18
NIFTY BANK,27-Mar-23,39484.7,39695.2,39273.75,39431.3,27-Mar-23,15.24,16.0925,15.0975,15.445,15.24,0.21,1.35
NIFTY BANK,28-Mar-23,39545.05,39645.2,39326.1,39567.9,28-Mar-23,15.445,15.6075,14.865,15.1,15.445,-0.35,-2.23
NIFTY BANK,29-Mar-23,39611.55,40055,39609.55,39910.15,29-Mar-23,15.1,15.1,13.32,13.6275,15.1,-1.47,-9.75
NIFTY BANK,31-Mar-23,40231.25,40690.4,40180.2,40608.65,31-Mar-23,13.6275,13.6275,12.0725,12.935,13.6275,-0.69,-5.08
NIFTY BANK,03-Apr-23,40695.8,40857.6,40535.9,40813.05,03-Apr-23,12.935,13.49,12.465,12.585,12.935,-0.35,-2.71
NIFTY BANK,05-Apr-23,40972.3,41071.15,40802.65,40999.15,05-Apr-23,12.585,12.805,12.0525,12.4125,12.585,-0.17,-1.37
NIFTY BANK,06-Apr-23,40940.7,41274.7,40820.55,41041,06-Apr-23,12.4125,12.57,11.65,11.7975,12.4125,-0.62,-4.95
NIFTY BANK,10-Apr-23,41116.15,41139.85,40727.25,40834.65,10-Apr-23,11.7975,12.5625,11.7975,12.2725,11.7975,0.48,4.03
NIFTY BANK,11-Apr-23,41232,41403.25,40990.2,41366.5,11-Apr-23,12.2725,12.2725,11.665,11.975,12.2725,-0.3,-2.42
NIFTY BANK,12-Apr-23,41426,41610.15,41332,41557.95,12-Apr-23,11.975,12.395,11.975,12.2725,11.975,0.3,2.48
NIFTY BANK,13-Apr-23,41680.1,42196.2,41502.65,42132.55,13-Apr-23,12.2725,12.51,11.84,11.9075,12.2725,-0.37,-2.97
NIFTY BANK,17-Apr-23,42603.55,42603.55,41799,42262.55,17-Apr-23,11.9075,13.2725,11.9075,12.265,11.9075,0.36,3
NIFTY BANK,18-Apr-23,42406.95,42500.7,42114.35,42265.2,18-Apr-23,12.265,12.525,11.8625,12.075,12.265,-0.19,-1.55
NIFTY BANK,19-Apr-23,42280.1,42339.9,42022.15,42154,19-Apr-23,12.075,12.47,11.1075,12.1525,12.075,0.08,0.64
NIFTY BANK,20-Apr-23,42218.5,42378.15,42108.85,42269.5,20-Apr-23,12.1525,12.3975,11.58,11.94,12.1525,-0.21,-1.75
NIFTY BANK,21-Apr-23,42252.55,42382.15,41962.35,42118,21-Apr-23,11.94,12.04,11.52,11.63,11.94,-0.31,-2.6
NIFTY BANK,24-Apr-23,42469.95,42714.15,42269.1,42635.75,24-Apr-23,11.63,12.205,11.58,11.6675,11.63,0.04,0.32
NIFTY BANK,25-Apr-23,42731.6,42865.55,42601.5,42678.5,25-Apr-23,11.6675,11.8125,11.425,11.52,11.6675,-0.15,-1.26
NIFTY BANK,26-Apr-23,42559.05,42875.6,42432.25,42829.9,26-Apr-23,11.52,11.8975,11.2975,11.6525,11.52,0.13,1.15
NIFTY BANK,27-Apr-23,42753.9,43043.4,42736.6,43000.85,27-Apr-23,11.6525,12.02,10.96,11.425,11.6525,-0.23,-1.95
NIFTY BANK,28-Apr-23,43045.5,43302.05,42810.35,43233.9,28-Apr-23,11.425,11.5425,10.7875,10.9475,11.425,-0.48,-4.18
NIFTY BANK,02-May-23,43395.05,43483.85,43269.4,43352.1,02-May-23,10.9475,12.0625,10.9475,11.8975,10.9475,0.95,8.68
NIFTY BANK,03-May-23,43154.85,43354.95,43078.15,43312.7,03-May-23,11.8975,12.25,11.13,11.84,11.8975,-0.06,-0.48
NIFTY BANK,04-May-23,43236.1,43739.8,43213.95,43685.45,04-May-23,11.84,12.03,11.185,11.7325,11.84,-0.11,-0.91
NIFTY BANK,05-May-23,43110.65,43588,42582.2,42661.2,05-May-23,11.7325,12.375,11.53,12.295,11.7325,0.56,4.79
NIFTY BANK,08-May-23,42796.85,43418.55,42780.3,43284,08-May-23,12.295,12.91,11.7225,12.635,12.295,0.34,2.77
NIFTY BANK,09-May-23,43438.55,43533.25,43125.85,43198.15,09-May-23,12.635,12.815,11.6575,12.6775,12.635,0.04,0.34
NIFTY BANK,10-May-23,43275.25,43383.65,42822.15,43331.05,10-May-23,12.6775,13.2975,11.5425,13.0825,12.6775,0.4,3.19
NIFTY BANK,11-May-23,43535.1,43774.25,43367.25,43475.3,11-May-23,13.0825,13.74,12.815,13.215,13.0825,0.13,1.01
NIFTY BANK,12-May-23,43447.15,43905.95,43347.75,43793.55,12-May-23,13.215,13.51,12.7375,12.8525,13.215,-0.36,-2.74
NIFTY BANK,15-May-23,43821.05,44151.7,43666.6,44072.1,15-May-23,12.8525,13.615,12.5375,13.1725,12.8525,0.32,2.49
NIFTY BANK,16-May-23,44144.15,44144.15,43815.7,43903.7,16-May-23,13.1725,13.485,11.71,13.2925,13.1725,0.12,0.91
NIFTY BANK,17-May-23,43948.5,43992.75,43446.4,43698.7,17-May-23,13.2925,13.58,11.895,13.105,13.2925,-0.19,-1.41
NIFTY BANK,18-May-23,44006.9,44079.2,43673.7,43752.3,18-May-23,13.105,13.105,11.1375,12.795,13.105,-0.31,-2.37
NIFTY BANK,19-May-23,43930,44020.9,43531.9,43969.4,19-May-23,12.795,12.82,11.6875,12.3025,12.795,-0.49,-3.85
NIFTY BANK,22-May-23,43935.3,44026.75,43684.9,43885.1,22-May-23,12.3025,12.82,11.555,12.57,12.3025,0.27,2.17
NIFTY BANK,23-May-23,43978.9,44095.25,43852.2,43954.45,23-May-23,12.57,13.075,12.3175,12.605,12.57,0.04,0.28
NIFTY BANK,24-May-23,43751.95,44010.45,43639.8,43677.85,24-May-23,12.605,13.4375,12.41,13.1125,12.605,0.51,4.03
NIFTY BANK,25-May-23,43630.25,43719.85,43390.3,43681.4,25-May-23,13.1125,13.1325,8.1825,12.52,13.1125,-0.59,-4.52
NIFTY BANK,26-May-23,43765.35,44067.6,43588.8,44018,26-May-23,12.52,12.8575,11.7,11.9,12.52,-0.62,-4.95
NIFTY BANK,29-May-23,44276.8,44483.35,44193.95,44311.9,29-May-23,11.9,12.4925,8.8075,12.2975,11.9,0.4,3.34
NIFTY BANK,30-May-23,44277.35,44498.6,44207.5,44436.35,30-May-23,12.2975,12.38,11.7675,12.01,12.2975,-0.29,-2.34
NIFTY BANK,31-May-23,44318,44339.05,43822.7,44128.15,31-May-23,12.01,12.4675,11.58,11.9725,12.01,-0.04,-0.31
NIFTY BANK,01-Jun-23,44172.05,44179.95,43706.15,43790.2,01-Jun-23,11.9725,11.9725,11.22,11.5975,11.9725,-0.38,-3.13
NIFTY BANK,02-Jun-23,43997.3,44088.9,43812.55,43937.85,02-Jun-23,11.5975,11.735,10.86,11.125,11.5975,-0.47,-4.07
NIFTY BANK,05-Jun-23,44103.25,44266.15,44074.2,44101.65,05-Jun-23,11.125,11.335,10.3225,11.1375,11.125,0.01,0.11
NIFTY BANK,06-Jun-23,44156.7,44236.2,44009.7,44164.55,06-Jun-23,11.1375,11.6175,10.465,11.38,11.1375,0.24,2.18
NIFTY BANK,07-Jun-23,44318.7,44346.3,44143.5,44275.3,07-Jun-23,11.38,11.5375,9.6375,11.4425,11.38,0.06,0.55
NIFTY BANK,08-Jun-23,44208.3,44459.25,43917.9,43995.25,08-Jun-23,11.4425,11.5675,10.13,11.2575,11.4425,-0.19,-1.62
NIFTY BANK,09-Jun-23,44045.75,44220.1,43932.6,43989,09-Jun-23,11.2575,11.2975,10.3075,11.12,11.2575,-0.14,-1.22
NIFTY BANK,12-Jun-23,44035.2,44124.95,43874.05,43944.2,12-Jun-23,11.12,11.8025,10.5825,11.245,11.12,0.13,1.12
NIFTY BANK,13-Jun-23,43889.7,44138.15,43889.7,44079.85,13-Jun-23,11.245,11.25,9.99,11.11,11.245,-0.13,-1.2
NIFTY BANK,14-Jun-23,44181.65,44212.35,43956.15,43988,14-Jun-23,11.11,11.3675,10.6325,11.1625,11.11,0.05,0.47
NIFTY BANK,15-Jun-23,44054.35,44077.45,43397.5,43443.6,15-Jun-23,11.1625,11.37,9.6925,11.08,11.1625,-0.08,-0.74
NIFTY BANK,16-Jun-23,43583.35,44083.25,43536.95,43938.15,16-Jun-23,11.08,11.08,10.5575,10.84,11.08,-0.24,-2.17
NIFTY BANK,19-Jun-23,44015.3,44040.35,43501.4,43633.75,19-Jun-23,10.84,11.4975,10.33,11.225,10.84,0.38,3.55
NIFTY BANK,20-Jun-23,43597.55,43823.95,43345.95,43766.5,20-Jun-23,11.225,11.4375,10.5675,11.1325,11.225,-0.09,-0.82
NIFTY BANK,21-Jun-23,43894.4,43946.7,43698.95,43859.2,21-Jun-23,11.1325,11.4325,10.77,11.2925,11.1325,0.16,1.44
NIFTY BANK,22-Jun-23,43874.8,44042.15,43663.35,43724.85,22-Jun-23,11.2925,11.7125,10.6925,11.5475,11.2925,0.25,2.26
NIFTY BANK,23-Jun-23,43641.6,43824.1,43519.55,43622.9,23-Jun-23,11.5475,11.8375,11.1425,11.235,11.5475,-0.31,-2.71
NIFTY BANK,26-Jun-23,43714.75,43773.1,43541.75,43641.05,26-Jun-23,11.235,11.925,11.235,11.395,11.235,0.16,1.42
NIFTY BANK,27-Jun-23,43804.55,44194.65,43693.15,44121.5,27-Jun-23,11.395,11.4225,10.6925,10.7775,11.395,-0.62,-5.42
NIFTY BANK,28-Jun-23,44419.5,44508.4,44163.2,44327.8,28-Jun-23,10.7775,11.535,10.6525,10.8875,10.7775,0.11,1.02
NIFTY BANK,30-Jun-23,44666,44787.1,44447.2,44747.35,30-Jun-23,10.8875,11.215,10.07,10.8,10.8875,-0.09,-0.8
NIFTY BANK,03-Jul-23,44957.95,45353.2,44882.1,45158.1,03-Jul-23,10.8,12.03,10.8,11.54,10.8,0.74,6.85
NIFTY BANK,04-Jul-23,45310.55,45655.5,45000.25,45301.45,04-Jul-23,11.54,11.99,11.5225,11.7,11.54,0.16,1.39
NIFTY BANK,05-Jul-23,45169.7,45418.9,45073.4,45151.8,05-Jul-23,11.7,12.21,11.5675,11.8825,11.7,0.18,1.56
NIFTY BANK,06-Jul-23,45060.55,45417.5,45042.6,45339.9,06-Jul-23,11.8825,12.205,11.7775,11.84,11.8825,-0.04,-0.36
NIFTY BANK,07-Jul-23,45118.05,45227.25,44844.8,44925,07-Jul-23,11.84,12.0725,11.08,11.5325,11.84,-0.31,-2.6
NIFTY BANK,10-Jul-23,44958.65,45184.3,44721.9,44860.85,10-Jul-23,11.5325,12.01,11.36,11.4625,11.5325,-0.07,-0.61
NIFTY BANK,11-Jul-23,44998,45139.55,44663.05,44745.05,11-Jul-23,11.4625,11.4625,10.945,11.0125,11.4625,-0.45,-3.93
NIFTY BANK,12-Jul-23,44872.6,44937.25,44562.4,44639.45,12-Jul-23,11.0125,11.2,10.72,10.935,11.0125,-0.08,-0.7
NIFTY BANK,13-Jul-23,45009.3,45085.15,44612.2,44665.05,13-Jul-23,10.935,11.1725,10.695,10.9375,10.935,0,0.02
NIFTY BANK,14-Jul-23,44860.65,44923.85,44547.8,44819.3,14-Jul-23,10.9375,10.9375,10.6125,10.6825,10.9375,-0.26,-2.33
NIFTY BANK,17-Jul-23,44951.2,45556.45,44695.05,45449.75,17-Jul-23,10.6825,11.3975,9.8575,11.315,10.6825,0.63,5.92
NIFTY BANK,18-Jul-23,45754.8,45905.85,45281.3,45410.85,18-Jul-23,11.315,12.02,11.0675,11.71,11.315,0.4,3.49
NIFTY BANK,19-Jul-23,45622.5,45707.4,45433,45669.3,19-Jul-23,11.71,11.9375,11.54,11.6,11.71,-0.11,-0.94
NIFTY BANK,20-Jul-23,45689.05,46256.2,45640.95,46186.9,20-Jul-23,11.6,12.255,11.37,11.785,11.6,0.19,1.59
NIFTY BANK,21-Jul-23,46063.95,46369.5,45925.9,46075.2,21-Jul-23,11.785,12.0325,11.06,11.485,11.785,-0.3,-2.55
NIFTY BANK,24-Jul-23,46131.9,46191.5,45858.75,45923.05,24-Jul-23,11.485,11.995,10.5375,11.6525,11.485,0.17,1.46
NIFTY BANK,25-Jul-23,46154.7,46156.1,45622.85,45845,25-Jul-23,11.6525,11.6525,10.1125,10.2425,11.6525,-1.41,-12.1
NIFTY BANK,26-Jul-23,45935.15,46096.6,45804.7,46062.35,26-Jul-23,10.2425,10.8625,10.2175,10.4575,10.2425,0.21,2.1
NIFTY BANK,27-Jul-23,46285.85,46310.1,45570.65,45679.3,27-Jul-23,10.4575,10.9825,9.8875,10.5125,10.4575,0.05,0.53
NIFTY BANK,28-Jul-23,45560.9,45727.75,45238.8,45468.1,28-Jul-23,10.5125,10.81,10.035,10.135,10.5125,-0.38,-3.59
NIFTY BANK,31-Jul-23,45546.35,45694.9,45359.75,45651.1,31-Jul-23,10.135,11.1875,10.135,10.4125,10.135,0.28,2.74
NIFTY BANK,01-Aug-23,45740,45782.75,45471.05,45592.5,01-Aug-23,10.4125,10.7025,10.195,10.2825,10.4125,-0.13,-1.25
NIFTY BANK,02-Aug-23,45234.65,45404.9,44720.9,44995.7,02-Aug-23,10.2825,11.805,9.95,11.2775,10.2825,0.99,9.68
NIFTY BANK,03-Aug-23,44862.85,45038.45,44279.4,44513.45,03-Aug-23,11.2775,11.96,10.9825,11.185,11.2775,-0.09,-0.82
NIFTY BANK,04-Aug-23,44754.75,45118.05,44520.55,44879.5,04-Aug-23,11.185,11.185,10.4825,10.5725,11.185,-0.61,-5.48
NIFTY BANK,07-Aug-23,44993.7,45011.35,44773.85,44837.5,07-Aug-23,10.5725,11.4175,10.4025,11.1025,10.5725,0.53,5.01
NIFTY BANK,08-Aug-23,44888.95,45096.85,44817.85,44964.45,08-Aug-23,11.1025,11.53,11.1025,11.325,11.1025,0.22,2
NIFTY BANK,09-Aug-23,44973.45,44975,44533.75,44880.7,09-Aug-23,11.325,11.765,10.485,11.14,11.325,-0.18,-1.63
NIFTY BANK,10-Aug-23,44797.65,44980.35,44418.4,44541.8,10-Aug-23,11.14,11.91,10.6275,11.4,11.14,0.26,2.33
NIFTY BANK,11-Aug-23,44568.15,44571.25,44120.9,44199.1,11-Aug-23,11.4,11.865,11.355,11.5225,11.4,0.12,1.07
NIFTY BANK,14-Aug-23,44066.6,44212.75,43776.9,44090.95,14-Aug-23,11.5225,12.755,10.4775,11.995,11.5225,0.47,4.1
NIFTY BANK,16-Aug-23,43726.25,44002.8,43600.35,43946.4,16-Aug-23,11.995,12.6825,11.995,12.125,11.995,0.13,1.08
NIFTY BANK,17-Aug-23,43897.25,44071.85,43745.1,43891.35,17-Aug-23,12.125,12.665,12.1125,12.24,12.125,0.12,0.95
NIFTY BANK,18-Aug-23,43724.75,43957.65,43672.45,43851.05,18-Aug-23,12.24,12.4925,10.7875,12.1425,12.24,-0.1,-0.8
NIFTY BANK,21-Aug-23,43952.85,44113.8,43862,44002,21-Aug-23,12.1425,12.59,11.1725,11.96,12.1425,-0.18,-1.5
NIFTY BANK,22-Aug-23,44125,44151.3,43938.7,43993.25,22-Aug-23,11.96,12.085,11.59,11.7475,11.96,-0.21,-1.78
NIFTY BANK,23-Aug-23,44064.5,44521.65,43952.05,44479.05,23-Aug-23,11.7475,11.885,10.3075,11.7275,11.7475,-0.02,-0.17
NIFTY BANK,24-Aug-23,44704.2,44949.9,44433.75,44496.2,24-Aug-23,11.7275,12.235,10.1975,11.7,11.7275,-0.03,-0.23
NIFTY BANK,25-Aug-23,44276.2,44359.1,43983.75,44231.45,25-Aug-23,11.7,12.2425,9.98,12.0825,11.7,0.38,3.27
NIFTY BANK,28-Aug-23,44253.65,44610.4,44201.45,44494.65,28-Aug-23,12.0825,12.72,9.5,12.3975,12.0825,0.32,2.61
NIFTY BANK,29-Aug-23,44655.75,44673,44429.8,44495.25,29-Aug-23,12.3975,12.4625,10.6475,12.225,12.3975,-0.17,-1.39
NIFTY BANK,30-Aug-23,44706.55,44779.65,44149.8,44232.6,30-Aug-23,12.225,12.2425,11.4625,11.8,12.225,-0.42,-3.48
NIFTY BANK,31-Aug-23,44265.85,44399.65,43895.05,43989.15,31-Aug-23,11.8,12.28,11.76,12.0625,11.8,0.26,2.22
NIFTY BANK,01-Sep-23,43996.1,44568.55,43830.75,44436.1,01-Sep-23,12.0625,12.18,10.4075,11.365,12.0625,-0.7,-5.78
NIFTY BANK,04-Sep-23,44647.65,44656.05,44310.95,44578.3,04-Sep-23,11.365,11.5425,10.86,10.9625,11.365,-0.4,-3.54
NIFTY BANK,05-Sep-23,44625.05,44668.7,44401.7,44532.15,05-Sep-23,10.9625,11.085,9.365,10.815,10.9625,-0.15,-1.35
NIFTY BANK,06-Sep-23,44494.65,44577,44207.25,44409.1,06-Sep-23,10.815,10.975,9.805,10.6775,10.815,-0.14,-1.27
NIFTY BANK,07-Sep-23,44418.05,44915.55,44341.2,44878.35,07-Sep-23,10.6775,11.025,9.8,10.8725,10.6775,0.2,1.83
NIFTY BANK,08-Sep-23,44953.65,45383.35,44812.15,45156.4,08-Sep-23,10.8725,10.97,10.0775,10.78,10.8725,-0.09,-0.85
NIFTY BANK,11-Sep-23,45340.8,45636.2,45231.3,45570.7,11-Sep-23,10.78,11.5,10.3375,11.3475,10.78,0.57,5.26
NIFTY BANK,12-Sep-23,45893.8,45893.8,45322.55,45511.35,12-Sep-23,11.3475,12.0225,10.7125,11.69,11.3475,0.34,3.02
NIFTY BANK,13-Sep-23,45449.35,45990.5,45299.4,45909.45,13-Sep-23,11.69,12.0475,11.535,11.8275,11.69,0.14,1.18
NIFTY BANK,14-Sep-23,46013.3,46153.9,45801.5,46000.85,14-Sep-23,11.8275,12.0425,11.21,11.3175,11.8275,-0.51,-4.31
NIFTY BANK,15-Sep-23,46122.15,46310.4,46028.75,46231.5,15-Sep-23,11.3175,11.32,10.0725,10.9025,11.3175,-0.42,-3.67
NIFTY BANK,18-Sep-23,46100.95,46252.95,45906.9,45979.85,18-Sep-23,10.9025,11.4075,10.45,10.835,10.9025,-0.07,-0.62
NIFTY BANK,20-Sep-23,45493.7,45745.15,45276.4,45384.6,20-Sep-23,10.835,11.47,10.835,11.1275,10.835,0.29,2.7
NIFTY BANK,21-Sep-23,45179.6,45276.8,44592.45,44623.85,21-Sep-23,11.1275,11.39,10.62,10.8175,11.1275,-0.31,-2.79
NIFTY BANK,22-Sep-23,44707.35,44996.75,44548.9,44612.05,22-Sep-23,10.8175,11.0725,10.3925,10.66,10.8175,-0.16,-1.46
NIFTY BANK,25-Sep-23,44615,44936.55,44400.9,44766.1,25-Sep-23,10.66,11.305,10.2725,10.9,10.66,0.24,2.25
NIFTY BANK,26-Sep-23,44722.5,44773.8,44532.45,44624.2,26-Sep-23,10.9,11.29,9.2475,11.185,10.9,0.29,2.61
NIFTY BANK,27-Sep-23,44465.9,44668,44182.5,44588.3,27-Sep-23,11.185,11.8225,9.39,11.585,11.185,0.4,3.58
NIFTY BANK,28-Sep-23,44700.35,44756.8,44248.2,44300.95,28-Sep-23,11.585,13.0225,9.3975,12.8225,11.585,1.24,10.68
NIFTY BANK,29-Sep-23,44445.35,44755.05,44344.9,44584.55,29-Sep-23,12.8225,12.8225,11.3075,11.4525,12.8225,-1.37,-10.68
NIFTY BANK,03-Oct-23,44561.5,44566.3,44243.1,44399.05,03-Oct-23,11.4525,12.4075,10.775,11.7875,11.4525,0.33,2.93
NIFTY BANK,04-Oct-23,44108.15,44161.35,43857.5,43964.05,04-Oct-23,11.7875,12.22,11.115,11.655,11.7875,-0.13,-1.12
NIFTY BANK,05-Oct-23,44181.35,44391.85,44108.3,44213.35,05-Oct-23,11.655,11.655,10.8425,10.94,11.655,-0.71,-6.13
NIFTY BANK,06-Oct-23,44395.4,44500.7,44242.95,44360.6,06-Oct-23,10.94,10.94,9.73,10.3,10.94,-0.64,-5.85
NIFTY BANK,09-Oct-23,44057.8,44113.2,43796.75,43886.5,09-Oct-23,10.3,11.6325,10.12,11.4,10.3,1.1,10.68
NIFTY BANK,10-Oct-23,44027.55,44487.25,44004.55,44360.15,10-Oct-23,11.4,11.4,10.855,11.27,11.4,-0.13,-1.14
NIFTY BANK,11-Oct-23,44554.9,44710.55,44411.4,44516.9,11-Oct-23,11.27,11.3225,10.39,10.985,11.27,-0.29,-2.53
NIFTY BANK,12-Oct-23,44571.55,44693.05,44530.05,44599.2,12-Oct-23,10.985,11.1175,10.565,10.6175,10.985,-0.37,-3.35
NIFTY BANK,13-Oct-23,44322.05,44563.05,44203.7,44287.95,13-Oct-23,10.6175,11.025,10.4025,10.6175,10.6175,0,0
NIFTY BANK,16-Oct-23,44204.75,44356.95,44044.4,44225.9,16-Oct-23,10.6175,11.1525,9.1525,11.07,10.6175,0.45,4.26
NIFTY BANK,17-Oct-23,44589.8,44589.85,44336.95,44409.5,17-Oct-23,11.07,11.07,10.4275,10.695,11.07,-0.38,-3.39
NIFTY BANK,18-Oct-23,44404.2,44412.5,43861.45,43888.7,18-Oct-23,10.695,11.17,10.485,10.965,10.695,0.27,2.52
NIFTY BANK,19-Oct-23,43616.75,44058.8,43558.1,43754.5,19-Oct-23,10.965,11.2125,10.0475,10.8975,10.965,-0.07,-0.62
NIFTY BANK,20-Oct-23,43584.25,43877.5,43567.45,43723.05,20-Oct-23,10.8975,11.09,10.075,10.8175,10.8975,-0.08,-0.73
NIFTY BANK,23-Oct-23,43822.7,43831.3,43029.45,43151.2,23-Oct-23,10.8175,11.3575,8.825,10.905,10.8175,0.09,0.81
NIFTY BANK,25-Oct-23,43308.3,43397.45,42758.4,42832,25-Oct-23,10.905,12.1775,9.965,11.3125,10.905,0.41,3.74
NIFTY BANK,26-Oct-23,42708.4,42716.2,42105.4,42280.15,26-Oct-23,11.3125,12.7,11.3125,11.73,11.3125,0.42,3.69
NIFTY BANK,27-Oct-23,42555.6,42840.15,42482.75,42782,27-Oct-23,11.73,12.305,10.6725,10.905,11.73,-0.83,-7.03
NIFTY BANK,30-Oct-23,42721.4,43112.5,42390.5,43039.15,30-Oct-23,10.905,12.1925,10.905,11.49,10.905,0.59,5.36
NIFTY BANK,31-Oct-23,43356.85,43356.85,42797.15,42845.95,31-Oct-23,11.49,12.285,11.2625,11.825,11.49,0.33,2.92
NIFTY BANK,01-Nov-23,42694.25,42815.15,42589.65,42700.95,01-Nov-23,11.825,12.195,11.825,12.0475,11.825,0.22,1.88
NIFTY BANK,02-Nov-23,43018.7,43271.5,42796.45,43017.2,02-Nov-23,12.0475,12.0475,10.9475,11.075,12.0475,-0.97,-8.07
NIFTY BANK,03-Nov-23,43318.3,43416.1,43221,43318.25,03-Nov-23,11.075,11.075,10.635,10.8825,11.075,-0.19,-1.74
NIFTY BANK,06-Nov-23,43627.75,43648.7,43415.2,43619.4,06-Nov-23,10.8825,11.28,10.38,11.105,10.8825,0.22,2.04
NIFTY BANK,07-Nov-23,43598.85,43799.35,43283.85,43737.9,07-Nov-23,11.105,12.1775,11,11.1925,11.105,0.09,0.79
NIFTY BANK,08-Nov-23,43791.8,43797.55,43547.75,43658.65,08-Nov-23,11.1925,11.3325,10.63,11.0375,11.1925,-0.16,-1.38
NIFTY BANK,09-Nov-23,43626.1,43876.75,43542.65,43683.6,09-Nov-23,11.0375,11.2525,10.37,10.9825,11.0375,-0.05,-0.5
NIFTY BANK,10-Nov-23,43543.25,43908.7,43504.95,43820.1,10-Nov-23,10.9825,11.3575,9.86,11.1075,10.9825,0.13,1.14
NIFTY BANK,12-Nov-23,44054.5,44056,43916.6,43996.65,12-Nov-23,11.1075,11.54,9.7525,11.3475,11.1075,0.24,2.16
NIFTY BANK,13-Nov-23,43915.1,43970.75,43681.4,43891.25,13-Nov-23,11.3475,11.6325,10.5025,11.1875,11.3475,-0.16,-1.41
NIFTY BANK,15-Nov-23,44398.45,44408.55,44164.55,44201.7,15-Nov-23,11.1875,11.4175,8.395,11.135,11.1875,-0.05,-0.47
NIFTY BANK,16-Nov-23,44251.7,44420.95,44064.15,44161.55,16-Nov-23,11.135,11.8075,10.6175,11.6475,11.135,0.51,4.6
NIFTY BANK,17-Nov-23,43656.25,43872.85,43513.85,43583.95,17-Nov-23,11.6475,12.09,10.19,11.8275,11.6475,0.18,1.55
NIFTY BANK,20-Nov-23,43591.5,43724,43450.05,43584.95,20-Nov-23,11.8275,12.67,11.2,12.1475,11.8275,0.32,2.71
NIFTY BANK,21-Nov-23,43790.95,43790.95,43586.45,43689.15,21-Nov-23,12.1475,12.435,10.755,12.2325,12.1475,0.08,0.7
NIFTY BANK,22-Nov-23,43663.6,43692.5,43230.95,43449.6,22-Nov-23,12.2325,12.7075,11.0225,11.865,12.2325,-0.37,-3
NIFTY BANK,23-Nov-23,43452.75,43649.65,43451.35,43577.5,23-Nov-23,11.865,12.14,10.975,11.315,11.865,-0.55,-4.64
NIFTY BANK,24-Nov-23,43607.35,43806.5,43566.15,43769.1,24-Nov-23,11.315,11.465,8.6775,11.33,11.315,0.02,0.13
NIFTY BANK,28-Nov-23,43851.55,43960.3,43739.8,43880.95,28-Nov-23,11.33,12.4925,11.065,12.175,11.33,0.85,7.46
NIFTY BANK,29-Nov-23,44081.75,44630.35,44003.45,44566.45,29-Nov-23,12.175,14.46,11.3325,12.7075,12.175,0.53,4.37
NIFTY BANK,30-Nov-23,44711.2,44764.8,44254.6,44481.75,30-Nov-23,12.7075,13.3525,11.7625,12.69,12.7075,-0.02,-0.14
NIFTY BANK,01-Dec-23,44580.15,44951.1,44531.75,44814.2,01-Dec-23,12.69,12.755,11.7775,12.3825,12.69,-0.31,-2.42
NIFTY BANK,04-Dec-23,45671.5,46484.45,45484.2,46431.4,04-Dec-23,12.3825,13.16,11.34,12.9925,12.3825,0.61,4.93
NIFTY BANK,05-Dec-23,46895.9,47230.55,46653.65,47012.25,05-Dec-23,12.9925,13.8825,11.475,13.4575,12.9925,0.46,3.58
NIFTY BANK,06-Dec-23,47256.75,47259.85,46750.2,46834.55,06-Dec-23,13.4575,14.0875,12.6875,13.74,13.4575,0.28,2.1
NIFTY BANK,07-Dec-23,46735.4,46927.7,46507.15,46841.4,07-Dec-23,13.74,13.74,12.545,12.6725,13.74,-1.07,-7.77
NIFTY BANK,08-Dec-23,46797.2,47303.65,46793.9,47262,08-Dec-23,12.6725,12.875,12.135,12.47,12.6725,-0.2,-1.6
NIFTY BANK,11-Dec-23,47233.3,47588,47186.6,47314.25,11-Dec-23,12.47,13.1225,12.2275,12.7575,12.47,0.29,2.31
NIFTY BANK,12-Dec-23,47421.7,47454,47004.05,47097.55,12-Dec-23,12.7575,12.8675,11.6925,12.7125,12.7575,-0.04,-0.35
NIFTY BANK,13-Dec-23,47190.75,47201.95,46886.9,47092.25,13-Dec-23,12.7125,12.8175,11.54,12.065,12.7125,-0.65,-5.09
NIFTY BANK,14-Dec-23,47567.65,47943.6,47510.85,47732.3,14-Dec-23,12.065,12.5125,11,12.32,12.065,0.26,2.11
NIFTY BANK,15-Dec-23,47939.9,48219.95,47632.85,48143.55,15-Dec-23,12.32,13.3425,10.8,13.1275,12.32,0.81,6.55
NIFTY BANK,18-Dec-23,48068.5,48076.6,47806.7,47867.7,18-Dec-23,13.1275,14.1175,13.125,13.9,13.1275,0.77,5.88
NIFTY BANK,19-Dec-23,47940.4,48017,47646.05,47870.9,19-Dec-23,13.9,14.12,13.5525,13.8675,13.9,-0.03,-0.23
NIFTY BANK,20-Dec-23,48085.35,48166.15,47202.65,47445.3,20-Dec-23,13.8675,14.87,12.7775,14.45,13.8675,0.58,4.2
NIFTY BANK,21-Dec-23,47172.45,47932.4,46919.7,47840.15,21-Dec-23,14.45,15.01,12.2825,13.7575,14.45,-0.69,-4.79
NIFTY BANK,22-Dec-23,47837.75,48071.4,47415.85,47491.85,22-Dec-23,13.7575,13.9875,12.225,13.7075,13.7575,-0.05,-0.36
NIFTY BANK,26-Dec-23,47576.4,47838.45,47411.65,47724.85,26-Dec-23,13.7075,14.95,13.7075,14.6775,13.7075,0.97,7.08
NIFTY BANK,27-Dec-23,47818.5,48347.65,47806.7,48282.2,27-Dec-23,14.6775,15.7325,14.47,15.5575,14.6775,0.88,6
NIFTY BANK,28-Dec-23,48479.05,48636.45,48343.15,48508.55,28-Dec-23,15.5575,16.47,14.9625,15.14,15.5575,-0.42,-2.68
NIFTY BANK,29-Dec-23,48374.85,48477.7,48091.85,48292.25,29-Dec-23,15.14,15.4275,14.3725,14.5025,15.14,-0.64,-4.21
NIFTY BANK,01-Jan-24,48203.45,48450,48044.15,48234.3,01-Jan-24,14.5025,14.8675,14.3275,14.68,14.5025,0.18,1.22
NIFTY BANK,02-Jan-24,48194.8,48223.55,47689.8,47761.65,02-Jan-24,14.68,15.08,14.2425,14.58,14.68,-0.1,-0.68
NIFTY BANK,03-Jan-24,47796.3,47798.75,47481.35,47704.95,03-Jan-24,14.58,14.78,14.0225,14.0975,14.58,-0.48,-3.31
NIFTY BANK,04-Jan-24,47805.4,48281.2,47738.15,48195.85,04-Jan-24,14.0975,14.2075,13.2125,13.33,14.0975,-0.77,-5.44
NIFTY BANK,05-Jan-24,48245.55,48381.95,47822.85,48159,05-Jan-24,13.33,13.4675,12.4875,12.63,13.33,-0.7,-5.25
NIFTY BANK,08-Jan-24,48096.65,48154.5,47387.35,47450.25,08-Jan-24,12.63,13.595,12.63,13.4625,12.63,0.83,6.59
NIFTY BANK,09-Jan-24,47705.4,47939.3,47156.05,47242.65,09-Jan-24,13.4625,13.505,12.775,13.2625,13.4625,-0.2,-1.49
NIFTY BANK,10-Jan-24,47073.85,47423.45,47010.8,47360.85,10-Jan-24,13.2625,14.5575,12.81,12.97,13.2625,-0.29,-2.21
NIFTY BANK,11-Jan-24,47538.6,47662.1,47237,47438.35,11-Jan-24,12.97,13.19,12.63,12.7675,12.97,-0.2,-1.56
NIFTY BANK,12-Jan-24,47572.7,47873.7,47408.5,47709.8,12-Jan-24,12.7675,13.285,12.42,13.1,12.7675,0.33,2.6
NIFTY BANK,15-Jan-24,47891.05,48248.05,47825.4,48158.3,15-Jan-24,13.1,13.885,11.7875,13.785,13.1,0.69,5.23
NIFTY BANK,16-Jan-24,48109.95,48305.4,48002.85,48125.1,16-Jan-24,13.785,14.0425,12.485,13.5725,13.785,-0.21,-1.54
NIFTY BANK,17-Jan-24,46573.95,47212.75,45979.6,46064.45,17-Jan-24,13.5725,15.23,12.715,15.08,13.5725,1.51,11.11
NIFTY BANK,18-Jan-24,45492.75,46184.05,45430.7,45713.55,18-Jan-24,15.08,15.705,12.98,14.07,15.08,-1.01,-6.7
NIFTY BANK,19-Jan-24,46103.5,46249.85,45558.05,45701.15,19-Jan-24,14.07,14.1125,13.6775,13.8775,14.07,-0.19,-1.37
NIFTY BANK,20-Jan-24,45989.25,46183.7,45640.9,46058.2,20-Jan-24,13.8775,14.2475,13.0975,13.8025,13.8775,-0.07,-0.54
NIFTY BANK,23-Jan-24,46495.45,46580.3,44886.1,45015.05,23-Jan-24,13.8025,15.405,12.195,14.8525,13.8025,1.05,7.61
NIFTY BANK,24-Jan-24,44489.4,45485.5,44489.4,45082.4,24-Jan-24,14.8525,15.6475,14.03,14.375,14.8525,-0.48,-3.21
NIFTY BANK,25-Jan-24,45057.95,45139.05,44429,44866.15,25-Jan-24,14.375,15.3375,13.36,13.865,14.375,-0.51,-3.55
NIFTY BANK,29-Jan-24,45171.5,45660.35,45110.9,45442.35,29-Jan-24,13.865,15.8475,13.795,15.68,13.865,1.81,13.09
NIFTY BANK,30-Jan-24,45481.5,45678.7,45206.05,45367.75,30-Jan-24,15.68,16.575,14.9875,16.1025,15.68,0.42,2.69
NIFTY BANK,31-Jan-24,45295.65,46179.75,45071.2,45996.8,31-Jan-24,16.1025,16.5325,15.8,16.0475,16.1025,-0.05,-0.34
NIFTY BANK,01-Feb-24,46164.9,46306.9,45668.35,46188.65,01-Feb-24,16.0475,16.1075,14.36,14.455,16.0475,-1.59,-9.92
NIFTY BANK,02-Feb-24,46568.2,46892.35,45901.25,45970.95,02-Feb-24,14.455,15.1325,14.025,14.6975,14.455,0.24,1.68
NIFTY BANK,05-Feb-24,45962.25,46048.6,45615.1,45825.55,05-Feb-24,14.6975,16.05,14.6975,15.6175,14.6975,0.92,6.26
NIFTY BANK,06-Feb-24,45891.2,45932.15,45527,45690.8,06-Feb-24,15.6175,15.9825,15.0875,15.785,15.6175,0.17,1.07
NIFTY BANK,07-Feb-24,45944.6,46062.85,45620.5,45818.5,07-Feb-24,15.785,16.0175,14.74,15.505,15.785,-0.28,-1.77
NIFTY BANK,08-Feb-24,45973.85,46181.2,44893.75,45012,08-Feb-24,15.505,16.0275,15.2425,15.8275,15.505,0.32,2.08
NIFTY BANK,09-Feb-24,44986.75,45718.15,44859.15,45634.55,09-Feb-24,15.8275,16.3325,15.265,15.4475,15.8275,-0.38,-2.4
NIFTY BANK,12-Feb-24,45664.3,45748.5,44633.85,44882.25,12-Feb-24,15.4475,16.535,15.4475,16.0625,15.4475,0.62,3.98
NIFTY BANK,13-Feb-24,45056.8,45750.4,44819.55,45502.4,13-Feb-24,16.0625,16.57,15.7525,15.8075,16.0625,-0.26,-1.59
NIFTY BANK,14-Feb-24,45014.65,46170.45,44860.75,45908.3,14-Feb-24,15.8075,16.1975,15.34,15.435,15.8075,-0.37,-2.36
NIFTY BANK,15-Feb-24,46027.1,46297.7,45590.2,46218.9,15-Feb-24,15.435,15.6625,15.1125,15.225,15.435,-0.21,-1.36
NIFTY BANK,16-Feb-24,46454.3,46693.4,46264.4,46384.85,16-Feb-24,15.225,15.5525,14.9025,15.2225,15.225,0,-0.02
NIFTY BANK,19-Feb-24,46554.9,46717.4,46317.7,46535.5,19-Feb-24,15.2225,16.1175,13.7,16.0175,15.2225,0.79,5.22
NIFTY BANK,20-Feb-24,46444.9,47136.75,46367.8,47094.2,20-Feb-24,16.0175,16.36,14.2125,16.0725,16.0175,0.06,0.34
NIFTY BANK,21-Feb-24,47363.4,47363.4,46886.95,47019.7,21-Feb-24,16.0725,16.31,15.68,15.9275,16.0725,-0.15,-0.9
NIFTY BANK,22-Feb-24,46934.55,47024.05,46426.85,46919.8,22-Feb-24,15.9275,16.15,15.1325,15.1975,15.9275,-0.73,-4.58
NIFTY BANK,23-Feb-24,47060.7,47245.35,46723.15,46811.75,23-Feb-24,15.1975,15.4425,14.84,14.9725,15.1975,-0.22,-1.48
NIFTY BANK,26-Feb-24,46615.85,46893.15,46513.55,46576.5,26-Feb-24,14.9725,15.96,13.7575,15.6,14.9725,0.63,4.19
NIFTY BANK,27-Feb-24,46480.2,46722.25,46324.9,46588.05,27-Feb-24,15.6,15.9975,15.53,15.7275,15.6,0.13,0.82
NIFTY BANK,28-Feb-24,46640.9,46754.55,45852.55,45963.15,28-Feb-24,15.7275,16.74,15.31,16.33,15.7275,0.6,3.83
NIFTY BANK,29-Feb-24,45881.45,46329.65,45661.75,46120.9,29-Feb-24,16.33,16.5525,15.37,15.5725,16.33,-0.76,-4.64
NIFTY BANK,01-Mar-24,46218,47342.25,46218,47286.9,01-Mar-24,15.5725,15.6425,15,15.235,15.5725,-0.34,-2.17
NIFTY BANK,02-Mar-24,47377.45,47433.85,47237,47297.5,02-Mar-24,15.235,15.415,13.53,14.9925,15.235,-0.24,-1.59
NIFTY BANK,04-Mar-24,47318.5,47529.6,47191.65,47456.1,04-Mar-24,14.9925,15.3025,14.8225,14.9225,14.9925,-0.07,-0.47
NIFTY BANK,05-Mar-24,47265.7,47737.85,47196.75,47581,05-Mar-24,14.9225,15.165,14.1775,14.38,14.9225,-0.54,-3.64
NIFTY BANK,06-Mar-24,47451.65,48161.25,47442.25,47965.4,06-Mar-24,14.38,14.71,13.905,14.295,14.38,-0.09,-0.59
NIFTY BANK,07-Mar-24,48035.8,48071.7,47747.2,47835.8,07-Mar-24,14.295,14.4325,13.56,13.6125,14.295,-0.68,-4.77
NIFTY BANK,11-Mar-24,47792.2,47853.8,47230.65,47327.85,11-Mar-24,13.6125,14.5525,13.6125,13.995,13.6125,0.38,2.81
NIFTY BANK,12-Mar-24,47351.35,47812.75,46884.45,47282.4,12-Mar-24,13.995,14.195,13.5775,13.6375,13.995,-0.36,-2.55
NIFTY BANK,13-Mar-24,47341.15,47468.7,46842.15,46981.3,13-Mar-24,13.6375,15.005,13.5325,14.4325,13.6375,0.79,5.83
NIFTY BANK,14-Mar-24,46825.75,47231.5,46565.55,46789.95,14-Mar-24,14.4325,14.6825,13.5225,13.6225,14.4325,-0.81,-5.61
NIFTY BANK,15-Mar-24,46572.1,46802.55,46310.5,46594.1,15-Mar-24,13.6225,14.3325,13.59,13.69,13.6225,0.07,0.5
NIFTY BANK,18-Mar-24,46458.75,46739.25,46022.15,46575.9,18-Mar-24,13.69,14.615,13.69,13.895,13.69,0.21,1.5
NIFTY BANK,19-Mar-24,46421.9,46602.35,46258.75,46384.8,19-Mar-24,13.895,14.445,13.875,14.1125,13.895,0.22,1.57
NIFTY BANK,20-Mar-24,46392.9,46655.55,45828.8,46310.9,20-Mar-24,14.1125,14.2825,13.085,13.4725,14.1125,-0.64,-4.53
NIFTY BANK,21-Mar-24,46674.85,46990.25,46570.15,46684.9,21-Mar-24,13.4725,13.4725,12.3425,12.5125,13.4725,-0.96,-7.13
NIFTY BANK,22-Mar-24,46634.9,46974.15,46566.8,46863.75,22-Mar-24,12.5125,13.0475,11.81,12.22,12.5125,-0.29,-2.34
NIFTY BANK,26-Mar-24,46552.95,46788.35,46529.05,46600.2,26-Mar-24,12.22,13.1025,12.085,12.82,12.22,0.6,4.91
NIFTY BANK,27-Mar-24,46643.45,46956.1,46643.45,46785.95,27-Mar-24,12.82,13.01,12.5325,12.7025,12.82,-0.12,-0.92
NIFTY BANK,28-Mar-24,46827.85,47440.45,46827.85,47124.6,28-Mar-24,12.7025,13.18,12.26,12.8325,12.7025,0.13,1.02
NIFTY BANK,01-Apr-24,47391.05,47646.8,47373.1,47578.25,01-Apr-24,12.8325,13.3575,12.005,12.0825,12.8325,-0.75,-5.84
NIFTY BANK,02-Apr-24,47490.75,47707.35,47408.55,47545.45,02-Apr-24,12.0825,12.305,11.5975,11.6525,12.0825,-0.43,-3.56
NIFTY BANK,03-Apr-24,47350.25,47676.95,47279.8,47624.25,03-Apr-24,11.6525,11.8275,11.3125,11.3725,11.6525,-0.28,-2.4
NIFTY BANK,04-Apr-24,48086.2,48254.65,47712.7,48060.8,04-Apr-24,11.3725,11.8375,10.86,11.22,11.3725,-0.15,-1.34
NIFTY BANK,05-Apr-24,48104.65,48557.4,47894.5,48493.05,05-Apr-24,11.22,11.6825,11.035,11.3375,11.22,0.12,1.05
NIFTY BANK,08-Apr-24,48586.75,48716.95,48424.65,48581.7,08-Apr-24,11.3375,11.7425,11.1325,11.61,11.3375,0.27,2.4
NIFTY BANK,09-Apr-24,48810.8,48960.75,48568.25,48730.55,09-Apr-24,11.61,11.6125,10.6175,11.355,11.61,-0.25,-2.2
NIFTY BANK,10-Apr-24,48879.55,49057.4,48669.25,48986.6,10-Apr-24,11.355,11.355,10.985,11.1075,11.355,-0.25,-2.18
NIFTY BANK,12-Apr-24,48671.2,48882.65,48477.55,48564.55,12-Apr-24,11.1075,11.605,11.1075,11.5325,11.1075,0.43,3.83
NIFTY BANK,15-Apr-24,48057.5,48255.5,47725.8,47773.25,15-Apr-24,11.5325,12.7375,11.3075,12.4675,11.5325,0.93,8.11
NIFTY BANK,16-Apr-24,47436.7,47609,47316.55,47484.8,16-Apr-24,12.4675,12.925,12.34,12.615,12.4675,0.15,1.18
NIFTY BANK,18-Apr-24,47592.7,47829.75,46982.15,47069.45,18-Apr-24,12.615,13.3875,12.0275,13.04,12.615,0.42,3.37
NIFTY BANK,19-Apr-24,46744.95,47668.7,46579.05,47574.15,19-Apr-24,13.04,14.4125,11.915,13.4575,13.04,0.42,3.2
NIFTY BANK,22-Apr-24,48145.7,48146.3,47628.45,47924.9,22-Apr-24,13.4575,13.4575,12.6125,12.7,13.4575,-0.76,-5.63
NIFTY BANK,23-Apr-24,48299.6,48302.7,47899.3,47970.45,23-Apr-24,12.7,12.7,9.8575,10.195,12.7,-2.5,-19.72
NIFTY BANK,24-Apr-24,48120.9,48246.2,48028.7,48189,24-Apr-24,10.195,11.1325,9.945,10.275,10.195,0.08,0.78
NIFTY BANK,25-Apr-24,47772.65,48625.45,47737.2,48494.95,25-Apr-24,10.275,11.4575,10.26,10.73,10.275,0.46,4.43
NIFTY BANK,26-Apr-24,48660,48679.65,48088.25,48201.05,26-Apr-24,10.73,11.315,10.5875,10.925,10.73,0.2,1.82
NIFTY BANK,29-Apr-24,48359.9,49473.6,48342.7,49424.05,29-Apr-24,10.925,12.4875,10.925,12.235,10.925,1.31,11.99
NIFTY BANK,30-Apr-24,49477.1,49974.75,49249.9,49396.75,30-Apr-24,12.235,13.2125,12.235,12.87,12.235,0.63,5.19
